id, version, meta, id, meta, flags, tile entity
1,0,5,stone,5,,
,0,3,stone,3,,
,0,1,stone,1,,
,0,6,stone,6,,
,0,4,stone,4,,
,0,2,stone,2,,
,0,0,stone,0,,
2,0,,grass,,,
3,0,1,dirt,1,,
,0,0,dirt,0,,
,0,2,podzol,,,
4,0,,cobblestone,,,
5,0,4,planks,4,,
,0,2,planks,2,,
,0,5,planks,5,,
,0,3,planks,3,,
,0,0,planks,0,,
,0,1,planks,1,,
6,0,4,sapling,4,,
,0,2,sapling,2,,
,0,5,sapling,5,,
,0,3,sapling,3,,
,0,0,sapling,0,,
,0,1,sapling,1,,
7,0,,bedrock,,,
8,0,,flowing_water,,,
9,0,,water,,,
10,0,,flowing_lava,,,
11,0,,lava,,,
12,0,1,sand,1,,
,0,0,sand,0,,
13,0,,gravel,,,
14,0,,gold_ore,,,
15,0,,iron_ore,,,
16,0,,coal_ore,,,
17,0,2,log,2,,
,0,3,log,3,,
,0,0,log,0,,
,0,1,log,1,,
18,0,2,leaves,2,,
,0,3,leaves,3,,
,0,0,leaves,0,,
,0,1,leaves,1,,
19,0,0,sponge,0,,
,0,1,sponge,1,,
20,0,,glass,,,
21,0,,lapis_ore,,,
22,0,,lapis_block,,,
23,0,,dispenser,,,
24,0,1,sandstone,2,,
,0,0,sandstone,0,,
,0,2,sandstone,3,,
25,0,,noteblock,,,
27,0,,golden_rail,,,
28,0,,detector_rail,,,
29,0,,sticky_piston,,,
30,0,,web,,,
31,0,2,tallgrass,2,,
,0,1,tallgrass,0,,
32,0,,deadbush,,,
33,0,,piston,,,
34,0,,pistonarmcollision,,,
35,0,15,wool,15,,
,0,11,wool,11,,
,0,12,wool,12,,
,0,9,wool,9,,
,0,7,wool,7,,
,0,13,wool,13,,
,0,3,wool,3,,
,0,8,wool,8,,
,0,5,wool,5,,
,0,2,wool,2,,
,0,1,wool,1,,
,0,6,wool,6,,
,0,10,wool,10,,
,0,14,wool,14,,
,0,0,wool,0,,
,0,4,wool,4,,
37,0,,yellow_flower,,,
38,0,2,red_flower,2,,
,0,3,red_flower,3,,
,0,1,red_flower,1,,
,0,5,red_flower,5,,
,0,8,red_flower,8,,
,0,7,red_flower,7,,
,0,0,red_flower,0,,
,0,4,red_flower,4,,
,0,6,red_flower,6,,
39,0,,brown_mushroom,,,
40,0,,red_mushroom,,,
41,0,,gold_block,,,
42,0,,iron_block,,,
43,0,8,smooth_stone,,,
,0,8,smooth_stone,,,
44,0,4,stone_slab,4,,
,0,3,stone_slab,3,,
,0,6,stone_slab,7,,
,0,2,stone_slab,2,,
,0,7,stone_slab,6,,
,0,1,stone_slab,1,,
,0,0,stone_slab,0,,
,0,5,stone_slab,5,,
45,0,,brick_block,,,
46,0,,tnt,,,
47,0,,bookshelf,,,
48,0,,mossy_cobblestone,,,
49,0,,obsidian,,,
50,0,,torch,,,
51,0,,fire,,,
52,0,,mob_spawner,,,
53,0,,oak_stairs,,,
54,0,,chest,,,
55,0,,redstone_wire,,,
56,0,,diamond_ore,,,
57,0,,diamond_block,,,
58,0,,crafting_table,,,
60,0,,farmland,,,
61,0,,furnace,,,
65,0,,ladder,,,
66,0,,rail,,,
67,0,,stone_stairs,,,
69,0,,lever,,,
70,0,,stone_pressure_plate,,,
72,0,,wooden_pressure_plate,,,
73,0,,redstone_ore,,,
76,0,,redstone_torch,,,
77,0,,stone_button,,,
78,0,,snow_layer,,,
79,0,,ice,,,
80,0,,snow,,,
81,0,,cactus,,,
82,0,,clay,,,
84,0,,jukebox,,,
85,0,,fence,0,,
86,0,,carved_pumpkin,,,
87,0,,netherrack,,,
88,0,,soul_sand,,,
89,0,,glowstone,,,
90,0,,portal,,,
91,0,,lit_pumpkin,,,
95,0,15,stained_glass,15,,
,0,11,stained_glass,11,,
,0,12,stained_glass,12,,
,0,9,stained_glass,9,,
,0,7,stained_glass,7,,
,0,13,stained_glass,13,,
,0,3,stained_glass,3,,
,0,8,stained_glass,8,,
,0,5,stained_glass,5,,
,0,2,stained_glass,2,,
,0,1,stained_glass,1,,
,0,6,stained_glass,6,,
,0,10,stained_glass,10,,
,0,14,stained_glass,14,,
,0,0,stained_glass,0,,
,0,4,stained_glass,4,,
96,0,,trapdoor,,,
97,0,5,monster_egg,5,,
,0,1,monster_egg,1,,
,0,4,monster_egg,3,,
,0,3,monster_egg,4,,
,0,0,monster_egg,0,,
,0,2,monster_egg,2,,
98,0,3,stonebrick,3,,
,0,2,stonebrick,2,,
,0,1,stonebrick,1,,
,0,0,stonebrick,0,,
99,0,,brown_mushroom_block,14,,
100,0,10,brown_mushroom_block,10,,
,0,,red_mushroom_block,14,,
101,0,,iron_bars,,,
102,0,,glass_pane,,,
103,0,,melon_block,,,
106,0,,vine,,,
107,0,,fence_gate,,,
108,0,,brick_stairs,,,
109,0,,stone_brick_stairs,,,
110,0,,mycelium,,,
111,0,,waterlily,,,
112,0,,nether_brick,,,
113,0,,nether_brick_fence,,,
114,0,,nether_brick_stairs,,,
116,0,,enchanting_table,,,
120,0,,end_portal_frame,,,
121,0,,end_stone,,,
122,0,,dragon_egg,,,
123,0,,redstone_lamp,,,
126,0,4,wooden_slab,4,,
,0,2,wooden_slab,2,,
,0,5,wooden_slab,5,,
,0,3,wooden_slab,3,,
,0,0,wooden_slab,0,,
,0,1,wooden_slab,1,,
128,0,,sandstone_stairs,,,
129,0,,emerald_ore,,,
130,0,,ender_chest,,,
131,0,,tripwire_hook,,,
132,0,,tripwire,,,
133,0,,emerald_block,,,
134,0,,spruce_stairs,,,
135,0,,birch_stairs,,,
136,0,,jungle_stairs,,,
137,0,,command_block,,,
138,0,,beacon,,,
139,0,0,cobblestone_wall,0,,
,0,1,cobblestone_wall,1,,
142,0,,potatoes,,,
143,0,,wooden_button,,,
145,0,0,anvil,0,,
,0,1,anvil,4,,
,0,2,anvil,8,,
146,0,,trapped_chest,,,
147,0,,light_weighted_pressure_plate,,,
148,0,,heavy_weighted_pressure_plate,,,
151,0,,daylight_detector,,,
152,0,,redstone_block,,,
153,0,,quartz_ore,,,
154,0,,hopper,,,
155,0,1,quartz_block,1,,
,0,0,quartz_block,0,,
,0,2,quartz_block,2,,
156,0,,quartz_stairs,,,
157,0,,activator_rail,,,
158,0,,dropper,,,
159,0,15,stained_hardened_clay,15,,
,0,11,stained_hardened_clay,11,,
,0,12,stained_hardened_clay,12,,
,0,9,stained_hardened_clay,9,,
,0,7,stained_hardened_clay,7,,
,0,13,stained_hardened_clay,13,,
,0,3,stained_hardened_clay,3,,
,0,8,stained_hardened_clay,8,,
,0,5,stained_hardened_clay,5,,
,0,2,stained_hardened_clay,2,,
,0,1,stained_hardened_clay,1,,
,0,6,stained_hardened_clay,6,,
,0,10,stained_hardened_clay,10,,
,0,14,stained_hardened_clay,14,,
,0,0,stained_hardened_clay,0,,
,0,4,stained_hardened_clay,4,,
160,0,15,stained_glass_pane,15,,
,0,11,stained_glass_pane,11,,
,0,12,stained_glass_pane,12,,
,0,9,stained_glass_pane,9,,
,0,7,stained_glass_pane,7,,
,0,13,stained_glass_pane,13,,
,0,3,stained_glass_pane,3,,
,0,8,stained_glass_pane,8,,
,0,5,stained_glass_pane,5,,
,0,2,stained_glass_pane,2,,
,0,1,stained_glass_pane,1,,
,0,6,stained_glass_pane,6,,
,0,10,stained_glass_pane,10,,
,0,14,stained_glass_pane,14,,
,0,0,stained_glass_pane,0,,
,0,4,stained_glass_pane,4,,
161,0,0,leaves2,0,,
,0,1,leaves2,1,,
162,0,0,log2,0,,
,0,1,log2,1,,
163,0,,acacia_stairs,,,
164,0,,dark_oak_stairs,,,
165,0,,slime,,,
166,0,,barrier,,,
167,0,,iron_trapdoor,,,
168,0,2,prismarine,2,,
,0,0,prismarine,0,,
,0,1,prismarine,1,,
169,0,,sealantern,,,
170,0,,hay_block,,,
171,0,15,carpet,15,,
,0,11,carpet,11,,
,0,12,carpet,12,,
,0,9,carpet,9,,
,0,7,carpet,7,,
,0,13,carpet,13,,
,0,3,carpet,3,,
,0,8,carpet,8,,
,0,5,carpet,5,,
,0,2,carpet,2,,
,0,1,carpet,1,,
,0,6,carpet,6,,
,0,10,carpet,10,,
,0,14,carpet,14,,
,0,0,carpet,0,,
,0,4,carpet,4,,
172,0,,hardened_clay,,,
173,0,,coal_block,,,
174,0,,packed_ice,,,
175,0,3,double_plant,3,,
,0,1,double_plant,1,,
,0,5,double_plant,5,,
,0,4,double_plant,4,,
,0,0,double_plant,0,,
,0,2,double_plant,2,,
179,0,1,red_sandstone,1,,
,0,0,red_sandstone,0,,
,0,2,red_sandstone,2,,
180,0,,red_sandstone_stairs,,,
182,0,,stone_slab2,0,,
183,0,,spruce_fence_gate,,,
184,0,,birch_fence_gate,,,
185,0,,jungle_fence_gate,,,
186,0,,dark_oak_fence_gate,,,
187,0,,acacia_fence_gate,,,
188,0,,fence,1,,
189,0,,fence,2,,
190,0,,fence,3,,
191,0,,fence,5,,
192,0,,fence,4,,
198,0,,end_rod,,,
199,0,,chorus_plant,,,
200,0,,chorus_flower,,,
201,0,,purpur_block,0,,
202,0,,purpur_block,2,,
203,0,,purpur_stairs,,,
205,0,,stone_slab2,1,,
206,0,,end_bricks,,,
208,0,,grass_path,,,
210,114,,repeating_command_block,,,
211,114,,chain_command_block,,,
212,138,,frosted_ice,,,
213,501,,magma,,,
214,501,,nether_wart_block,,,
215,501,,red_nether_brick,,,
216,501,,bone_block,,,
218,809,,observer,,,
219,809,,shulker_box,0,,shulker_box
220,809,,shulker_box,1,,
221,809,,shulker_box,2,,
222,809,,shulker_box,3,,
223,809,,shulker_box,4,,
224,809,,shulker_box,5,,
225,809,,shulker_box,6,,
226,809,,shulker_box,7,,
227,809,,shulker_box,8,,
228,809,,shulker_box,9,,
229,809,,shulker_box,10,,
230,809,,shulker_box,11,,
231,809,,shulker_box,12,,
232,809,,shulker_box,13,,
233,809,,shulker_box,14,,
234,809,,shulker_box,15,,
235,1022,,white_glazed_terracotta,,,
236,1022,,orange_glazed_terracotta,,,
237,1022,,magenta_glazed_terracotta,,,
238,1022,,light_blue_glazed_terracotta,,,
239,1022,,yellow_glazed_terracotta,,,
240,1022,,lime_glazed_terracotta,,,
241,1022,,pink_glazed_terracotta,,,
242,1022,,gray_glazed_terracotta,,,
243,1022,,silver_glazed_terracotta,,,
244,1022,,cyan_glazed_terracotta,,,
245,1022,,purple_glazed_terracotta,,,
246,1022,,blue_glazed_terracotta,,,
247,1022,,brown_glazed_terracotta,,,
248,1022,,green_glazed_terracotta,,,
249,1022,,red_glazed_terracotta,,,
250,1022,,black_glazed_terracotta,,,
251,1022,15,concrete,15,,
,1022,11,concrete,11,,
,1022,12,concrete,12,,
,1022,9,concrete,9,,
,1022,7,concrete,7,,
,1022,13,concrete,13,,
,1022,3,concrete,3,,
,1022,8,concrete,8,,
,1022,5,concrete,5,,
,1022,2,concrete,2,,
,1022,1,concrete,1,,
,1022,6,concrete,6,,
,1022,10,concrete,10,,
,1022,14,concrete,14,,
,1022,0,concrete,0,,
,1022,4,concrete,4,,
252,1022,15,concrete_powder,15,,
,1022,11,concrete_powder,11,,
,1022,12,concrete_powder,12,,
,1022,9,concrete_powder,9,,
,1022,7,concrete_powder,7,,
,1022,13,concrete_powder,13,,
,1022,3,concrete_powder,3,,
,1022,8,concrete_powder,8,,
,1022,5,concrete_powder,5,,
,1022,2,concrete_powder,2,,
,1022,1,concrete_powder,1,,
,1022,6,concrete_powder,6,,
,1022,10,concrete_powder,10,,
,1022,14,concrete_powder,14,,
,1022,0,concrete_powder,0,,
,1022,4,concrete_powder,4,,
256,0,,iron_shovel,,DURABILITY,
257,0,,iron_pickaxe,,DURABILITY,
258,0,,iron_axe,,DURABILITY,
259,0,,flint_and_steel,,DURABILITY,
260,0,,apple,,,
261,0,,bow,,DURABILITY,
262,0,,arrow,,,
263,0,1,charcoal,,,
,0,0,coal,,,
264,0,,diamond,,,
265,0,,iron_ingot,,,
266,0,,gold_ingot,,,
267,0,,iron_sword,,DURABILITY,
268,0,,wooden_sword,,DURABILITY,
269,0,,wooden_shovel,,DURABILITY,
270,0,,wooden_pickaxe,,DURABILITY,
271,0,,wooden_axe,,DURABILITY,
272,0,,stone_sword,,DURABILITY,
273,0,,stone_shovel,,DURABILITY,
274,0,,stone_pickaxe,,DURABILITY,
275,0,,stone_axe,,DURABILITY,
276,0,,diamond_sword,,DURABILITY,
277,0,,diamond_shovel,,DURABILITY,
278,0,,diamond_pickaxe,,DURABILITY,
279,0,,diamond_axe,,DURABILITY,
280,0,,stick,,,
281,0,,bowl,,,
282,0,,mushroom_stew,,,
283,0,,golden_sword,,DURABILITY,
284,0,,golden_shovel,,DURABILITY,
285,0,,golden_pickaxe,,DURABILITY,
286,0,,golden_axe,,DURABILITY,
287,0,,string,,,
288,0,,feather,,,
289,0,,gunpowder,,,
290,0,,wooden_hoe,,DURABILITY,
291,0,,stone_hoe,,DURABILITY,
292,0,,iron_hoe,,DURABILITY,
293,0,,diamond_hoe,,DURABILITY,
294,0,,golden_hoe,,DURABILITY,
295,0,,wheat_seeds,,,
296,0,,wheat,,,
297,0,,bread,,,
298,0,,leather_helmet,,DURABILITY | COLORED,
299,0,,leather_chestplate,,DURABILITY | COLORED,
300,0,,leather_leggings,,DURABILITY | COLORED,
301,0,,leather_boots,,DURABILITY | COLORED,
302,0,,chainmail_helmet,,DURABILITY,
303,0,,chainmail_chestplate,,DURABILITY,
304,0,,chainmail_leggings,,DURABILITY,
305,0,,chainmail_boots,,DURABILITY,
306,0,,iron_helmet,,DURABILITY,
307,0,,iron_chestplate,,DURABILITY,
308,0,,iron_leggings,,DURABILITY,
309,0,,iron_boots,,DURABILITY,
310,0,,diamond_helmet,,DURABILITY,
311,0,,diamond_chestplate,,DURABILITY,
312,0,,diamond_leggings,,DURABILITY,
313,0,,diamond_boots,,DURABILITY,
314,0,,golden_helmet,,DURABILITY,
315,0,,golden_chestplate,,DURABILITY,
316,0,,golden_leggings,,DURABILITY,
317,0,,golden_boots,,DURABILITY,
318,0,,flint,,,
319,0,,porkchop,,,
320,0,,cooked_porkchop,,,
321,0,,painting,,,
322,0,1,enchanted_golden_apple,,,
,0,0,golden_apple,,,
323,0,,sign,,,
324,0,,wooden_door,,,
325,0,,bucket,,,
326,0,,water_bucket,,,
327,0,,lava_bucket,,,
328,0,,minecart,,,
329,0,,saddle,,,
330,0,,iron_door,,,
331,0,,redstone,,,
332,0,,snowball,,,
333,0,,oak_boat,,,
334,0,,leather,,,
335,0,,milk_bucket,,,
336,0,,brick,,,
337,0,,clay_ball,,,
338,0,,sugar_cane,,,
339,0,,paper,,,
340,0,,book,,,
341,0,,slime_ball,,,
342,0,,chest_minecart,,,
344,0,,egg,,,
345,0,,compass,,,
346,0,,fishing_rod,,DURABILITY,
347,0,,clock,,,
348,0,,glowstone_dust,,,
349,0,0,cod,,,
,0,3,pufferfish,,,
,0,1,salmon,,,
,0,2,tropical_fish,,,
350,0,0,cooked_cod,,,
,0,1,cooked_salmon,,,
351,0,15,bone_meal,,,
,0,3,cocoa_beans,,,
,0,6,cyan_dye,,,
,0,8,gray_dye,,,
,0,2,green_dye,,,
,0,0,ink_sac,,,
,0,4,lapis_lazuli,,,
,0,12,light_blue_dye,,,
,0,7,light_gray_dye,,,
,0,10,lime_dye,,,
,0,13,magenta_dye,,,
,0,14,orange_dye,,,
,0,9,pink_dye,,,
,0,5,purple_dye,,,
,0,1,red_dye,,,
,0,11,yellow_dye,,,
352,0,,bone,,,
353,0,,sugar,,,
354,0,,cake,,,
355,0,,bed,14,,
356,0,,repeater,,,
357,0,,cookie,,,
358,0,,map,,,
359,0,,shears,,DURABILITY,
360,0,,melon_slice,,,
361,0,,pumpkin_seeds,,,
362,0,,melon_seeds,,,
363,0,,beef,,,
364,0,,cooked_beef,,,
365,0,,chicken,,,
366,0,,cooked_chicken,,,
367,0,,rotten_flesh,,,
368,0,,ender_pearl,,,
369,0,,blaze_rod,,,
370,0,,ghast_tear,,,
371,0,,gold_nugget,,,
372,501,,nether_wart,,,
373,0,,potion,,POTION,
374,0,,glass_bottle,,,
375,0,,spider_eye,,,
376,0,,fermented_spider_eye,,,
377,0,,blaze_powder,,,
378,0,,magma_cream,,,
379,0,,brewing_stand,,,
380,0,,cauldron,,,
381,0,,ender_eye,,,
382,0,,glistering_melon_slice,,,
383,0,65,bat_spawn_egg,,,
,0,61,blaze_spawn_egg,,,
,0,59,cave_spider_spawn_egg,,,
,0,93,chicken_spawn_egg,,,
,0,92,cow_spawn_egg,,,
,0,50,creeper_spawn_egg,,,
,0,31,donkey_spawn_egg,,,
,0,4,elder_guardian_spawn_egg,,,
,0,58,enderman_spawn_egg,,,
,0,67,endermite_spawn_egg,,,
,0,34,evoker_spawn_egg,,,
,0,56,ghast_spawn_egg,,,
,0,68,guardian_spawn_egg,,,
,0,100,horse_spawn_egg,,,
,0,23,husk_spawn_egg,,,
,0,103,llama_spawn_egg,,,
,0,62,magma_cube_spawn_egg,,,
,0,96,mooshroom_spawn_egg,,,
,0,32,mule_spawn_egg,,,
,0,98,ocelot_spawn_egg,,,
,0,105,parrot_spawn_egg,,,
,0,90,pig_spawn_egg,,,
,0,102,polar_bear_spawn_egg,,,
,0,101,rabbit_spawn_egg,,,
,0,91,sheep_spawn_egg,,,
,0,69,shulker_spawn_egg,,,
,0,60,silverfish_spawn_egg,,,
,0,51,skeleton_spawn_egg,,,
,0,55,slime_spawn_egg,,,
,0,52,spider_spawn_egg,,,
,0,94,squid_spawn_egg,,,
,0,6,stray_spawn_egg,,,
,0,35,vex_spawn_egg,,,
,0,120,villager_spawn_egg,,,
,0,36,vindicator_spawn_egg,,,
,0,66,witch_spawn_egg,,,
,0,5,wither_skeleton_spawn_egg,,,
,0,95,wolf_spawn_egg,,,
,0,57,zombie_pigman_spawn_egg,,,
,0,54,zombie_spawn_egg,,,
384,0,,experience_bottle,,,
385,0,,fire_charge,,,
386,0,,writable_book,,,
387,0,,written_book,,BOOK,
388,0,,emerald,,,
389,0,,frame,,,
390,0,,flower_pot,,,
391,0,,carrot,,,
392,0,,potato,,,
393,0,,baked_potato,,,
394,0,,poisonous_potato,,,
395,0,,empty_map,,,
396,0,,golden_carrot,,,
397,0,4,skull,4,,
,0,5,skull,5,,
,0,3,skull,3,,
,0,0,skull,0,,
,0,1,skull,1,,
,0,2,skull,2,,
398,0,,carrot_on_a_stick,,,
399,0,,netherstar,,,
400,0,,pumpkin_pie,,,
401,0,,firework_rocket,,,
402,0,,firework_star,,,
403,0,,enchanted_book,,,
404,0,,comparator,,,
405,0,,netherbrick,,,
406,0,,quartz,,,
407,0,,tnt_minecart,,,
408,0,,hopper_minecart,,,
409,0,,prismarine_shard,,,
410,0,,prismarine_crystals,,,
411,0,,rabbit,,,
412,0,,cooked_rabbit,,,
413,0,,rabbit_stew,,,
414,0,,rabbit_foot,,,
415,0,,rabbit_hide,,,
416,0,,armor_stand,,,
417,0,,iron_horse_armor,,DURABILITY,
418,0,,golden_horse_armor,,DURABILITY,
419,0,,diamond_horse_armor,,DURABILITY,
420,0,,lead,,,
421,0,,name_tag,,,
422,0,,command_block_minecart,,,
423,0,,mutton,,,
424,0,,cooked_mutton,,,
425,0,,banner,15,,
426,142,,end_crystal,,,
427,0,,spruce_door,,,
428,0,,birch_door,,,
429,0,,jungle_door,,,
430,0,,acacia_door,,,
431,0,,dark_oak_door,,,
432,0,,chorus_fruit,,,
433,0,,chorus_fruit_popped,,,
434,0,,beetroot,,,
435,0,,beetroot_seeds,,,
436,0,,beetroot_soup,,,
437,111,,dragon_breath,,,
438,0,,splash_potion,,POTION,
440,0,,arrow,,POTION,
441,111,,lingering_potion,,POTION,
442,112,,shield,,DURABILITY,
443,136,,elytra,,,
444,136,,spruce_boat,,,
445,136,,birch_boat,,,
446,136,,jungle_boat,,,
447,136,,acacia_boat,,,
448,136,,dark_oak_boat,,,
449,809,,totem_of_undying,,,
450,809,,shulker_shell,,,
452,920,,iron_nugget,,,
2256,0,,music_disc_13,,,
2257,0,,music_disc_cat,,,
2258,0,,music_disc_blocks,,,
2259,0,,music_disc_chirp,,,
2260,0,,music_disc_far,,,
2261,0,,music_disc_mall,,,
2262,0,,music_disc_mellohi,,,
2263,0,,music_disc_stal,,,
2264,0,,music_disc_strad,,,
2265,0,,music_disc_ward,,,
2266,0,,music_disc_11,,,
2267,0,,music_disc_wait,,,
acacia_bark,1451,,wood,4,,
acacia_boat,1451,,acacia_boat,,,
,136,,acacia_boat,,,
acacia_button,1451,,acacia_button,,,
acacia_door,1451,,acacia_door,,,
,0,,acacia_door,,,
acacia_fence,1451,,fence,4,,
,0,,fence,4,,
acacia_fence_gate,1451,,acacia_fence_gate,,,
,0,,acacia_fence_gate,,,
acacia_leaves,1451,,leaves2,0,,
acacia_log,1451,,log2,0,,
acacia_planks,1451,,planks,4,,
acacia_pressure_plate,1451,,acacia_pressure_plate,,,
acacia_sapling,1451,,sapling,4,,
acacia_sign,1901,,acacia_sign,,,
acacia_slab,1451,,wooden_slab,4,,
acacia_stairs,1451,,acacia_stairs,,,
,0,,acacia_stairs,,,
acacia_trapdoor,1451,,acacia_trapdoor,,,
acacia_wood,1511,,wood,4,,
activator_rail,1451,,activator_rail,,,
,0,,activator_rail,,,
allium,1451,,red_flower,2,,
amethyst_block,2681,,amethyst_block,,,
amethyst_cluster,2681,,amethyst_cluster,,,
amethyst_shard,2681,,amethyst_shard,,,
ancient_debris,2504,,ancient_debris,,,
andesite,1451,,stone,5,,
andesite_slab,1901,,stone_slab3,3,,
andesite_stairs,1901,,andesite_stairs,,,
andesite_wall,1901,,cobblestone_wall,4,,
anvil,1451,,anvil,0,,
,0,,anvil,0,,
,0,1,anvil,4,,
,0,2,anvil,8,,
apple,1451,,apple,,,
,0,,apple,,,
armor_stand,1451,,armor_stand,,,
,0,,armor_stand,,,
arrow,1451,,arrow,,,
,0,,arrow,,,
axolotl_bucket,2687,,axolotl_bucket,,,
azalea,2690,,azalea,,,
azalea_leaves,2690,,azalea_leaves,,,
azalea_leaves_flowers,2690,,azalea_leaves_flowered,,,
azure_bluet,1451,,red_flower,3,,
baked_potato,1451,,baked_potato,,,
,0,,baked_potato,,,
bamboo,1901,,bamboo,,,
bamboo_sapling,1451,,bamboo,,,
banner,0,0,banner,0,,
,0,4,banner,4,,
,0,3,banner,3,,
,0,6,banner,6,,
,0,8,banner,8,,
,0,2,banner,2,,
,0,12,banner,12,,
,0,7,banner,7,,
,0,10,banner,10,,
,0,13,banner,13,,
,0,14,banner,14,,
,0,9,banner,9,,
,0,5,banner,5,,
,0,1,banner,1,,
,0,15,banner,15,,
,0,11,banner,11,,
barrel,1907,,barrel,,,
barrier,1451,,barrier,,,
,0,,barrier,,,
basalt,2504,,basalt,,,
bat_spawn_egg,1451,,bat_spawn_egg,,,
beacon,1451,,beacon,,,
,0,,beacon,,,
bed,1125,15,bed,15,,
,1125,11,bed,11,,
,1125,12,bed,12,,
,1125,9,bed,9,,
,1125,7,bed,7,,
,1125,13,bed,13,,
,1125,3,bed,3,,
,1125,8,bed,8,,
,1125,5,bed,5,,
,1125,2,bed,2,,
,1125,1,bed,1,,
,1125,6,bed,6,,
,1125,10,bed,10,,
,1125,14,bed,14,,
,1125,0,bed,0,,
,1125,4,bed,4,,
,0,,bed,14,,
bedrock,1451,,bedrock,,,
,0,,bedrock,,,
bee_hive,2200,,beehive,,,
bee_nest,2200,,bee_nest,,,
beef,1451,,beef,,,
,0,,beef,,,
beehive,2210,,beehive,,,
beetroot,1451,,beetroot,,,
,0,,beetroot,,,
beetroot_seeds,1451,,beetroot_seeds,,,
,0,,beetroot_seeds,,,
beetroot_soup,1451,,beetroot_soup,,,
,0,,beetroot_soup,,,
beetroots,1451,,beetroots,,,
bell,1907,,bell,,,
big_dripleaf,2690,,big_dripleaf,,,
birch_bark,1451,,wood,2,,
birch_boat,1451,,birch_boat,,,
,136,,birch_boat,,,
birch_button,1451,,birch_button,,,
birch_door,1451,,birch_door,,,
,0,,birch_door,,,
birch_fence,1451,,fence,2,,
,0,,fence,2,,
birch_fence_gate,1451,,birch_fence_gate,,,
,0,,birch_fence_gate,,,
birch_leaves,1451,,leaves,2,,
birch_log,1451,,log,2,,
birch_planks,1451,,planks,2,,
birch_pressure_plate,1451,,birch_pressure_plate,,,
birch_sapling,1451,,sapling,2,,
birch_sign,1901,,birch_sign,,,
birch_slab,1451,,wooden_slab,2,,
birch_stairs,1451,,birch_stairs,,,
,0,,birch_stairs,,,
birch_trapdoor,1451,,birch_trapdoor,,,
birch_wood,1511,,wood,2,,
black_banner,1451,,banner,0,,
black_bed,1451,,bed,15,,
black_candle,2681,,black_candle,,,
black_carpet,1451,,carpet,15,,
black_concrete,1451,,concrete,15,,
black_concrete_powder,1451,,concrete_powder,15,,
black_dye,1901,,black_dye,,,
black_glazed_terracotta,1451,,black_glazed_terracotta,,,
,1022,,black_glazed_terracotta,,,
black_shulker_box,1451,,shulker_box,15,,
,920,,shulker_box,15,,
black_stained_glass,1451,,stained_glass,15,,
black_stained_glass_pane,1451,,stained_glass_pane,15,,
black_terracotta,1451,,stained_hardened_clay,15,,
black_wool,1451,,wool,15,,
blackstone,2525,,blackstone,,,
blackstone_slab,2525,,blackstone_slab,,,
blackstone_stairs,2525,,blackstone_stairs,,,
blackstone_wall,2525,,blackstone_wall,,,
blast_furnace,1907,,blast_furnace,,,
blaze_powder,1451,,blaze_powder,,,
,0,,blaze_powder,,,
blaze_rod,1451,,blaze_rod,,,
,0,,blaze_rod,,,
blaze_spawn_egg,1451,,blaze_spawn_egg,,,
blue_banner,1451,,banner,4,,
blue_bed,1451,,bed,11,,
blue_candle,2681,,blue_candle,,,
blue_carpet,1451,,carpet,11,,
blue_concrete,1451,,concrete,11,,
blue_concrete_powder,1451,,concrete_powder,11,,
blue_coral,1472,,coral_block,0,,
blue_coral_fan,1478,,coral_fan,0,,
blue_coral_plant,1473,,coral,0,,
blue_dead_coral,1474,,coral_block,8,,
blue_dye,1901,,blue_dye,,,
blue_glazed_terracotta,1451,,blue_glazed_terracotta,,,
,1022,,blue_glazed_terracotta,,,
blue_ice,1482,,blue_ice,,,
blue_orchid,1451,,red_flower,1,,
blue_shulker_box,1451,,shulker_box,11,,
,920,,shulker_box,11,,
blue_stained_glass,1451,,stained_glass,11,,
blue_stained_glass_pane,1451,,stained_glass_pane,11,,
blue_terracotta,1451,,stained_hardened_clay,11,,
blue_wool,1451,,wool,11,,
boat,0,,oak_boat,,,
bone,1451,,bone,,,
,0,,bone,,,
bone_block,1451,,bone_block,,,
,501,,bone_block,,,
bone_meal,1451,,bone_meal,,,
book,1451,,book,,,
,0,,book,,,
bookshelf,1451,,bookshelf,,,
,0,,bookshelf,,,
bow,1451,,bow,,DURABILITY,
,0,,bow,,DURABILITY,
bowl,1451,,bowl,,,
,0,,bowl,,,
brain_coral,1481,,coral,1,,
brain_coral_block,1481,,coral_block,1,,
brain_coral_fan,1481,,coral_fan,1,,
bread,1451,,bread,,,
,0,,bread,,,
brewing_stand,1451,,brewing_stand,,,
,0,,brewing_stand,,,
brick,1451,,brick,,,
,0,,brick,,,
brick_block,0,,brick_block,,,
brick_slab,1451,,stone_slab,4,,
brick_stairs,1451,,brick_stairs,,,
,0,,brick_stairs,,,
brick_wall,1901,,cobblestone_wall,6,,
bricks,1451,,brick_block,,,
brown_banner,1451,,banner,3,,
brown_bed,1451,,bed,12,,
brown_candle,2681,,brown_candle,,,
brown_carpet,1451,,carpet,12,,
brown_concrete,1451,,concrete,12,,
brown_concrete_powder,1451,,concrete_powder,12,,
brown_dye,1901,,brown_dye,,,
brown_glazed_terracotta,1451,,brown_glazed_terracotta,,,
,1022,,brown_glazed_terracotta,,,
brown_mushroom,1451,,brown_mushroom,,,
,0,,brown_mushroom,,,
brown_mushroom_block,1451,,brown_mushroom_block,14,,
,0,,brown_mushroom_block,14,,
,0,10,brown_mushroom_block,10,,
brown_shulker_box,1451,,shulker_box,12,,
,920,,shulker_box,12,,
brown_stained_glass,1451,,stained_glass,12,,
brown_stained_glass_pane,1451,,stained_glass_pane,12,,
brown_terracotta,1451,,stained_hardened_clay,12,,
brown_wool,1451,,wool,12,,
bubble_coral,1481,,coral,2,,
bubble_coral_block,1481,,coral_block,2,,
bubble_coral_fan,1481,,coral_fan,2,,
bucket,1451,,bucket,,,
,0,,bucket,,,
budding_amethyst,2681,,budding_amethyst,,,
cactus,1451,,cactus,,,
,0,,cactus,,,
cactus_green,1451,,green_dye,,,
cake,1451,,cake,,,
,0,,cake,,,
calcite,2681,,calcite,,,
campfire,1921,,campfire,,,
candle,2681,,candle,,,
carpet,0,15,carpet,15,,
,0,11,carpet,11,,
,0,12,carpet,12,,
,0,9,carpet,9,,
,0,7,carpet,7,,
,0,13,carpet,13,,
,0,3,carpet,3,,
,0,8,carpet,8,,
,0,5,carpet,5,,
,0,2,carpet,2,,
,0,1,carpet,1,,
,0,6,carpet,6,,
,0,10,carpet,10,,
,0,14,carpet,14,,
,0,0,carpet,0,,
,0,4,carpet,4,,
carrot,1451,,carrot,,,
,0,,carrot,,,
carrot_on_a_stick,1451,,carrot_on_a_stick,,,
,0,,carrot_on_a_stick,,,
carrots,1451,,carrots,,,
cartography_table,1907,,cartography_table,,,
carved_pumpkin,1451,,carved_pumpkin,,,
cauldron,1451,,cauldron,,,
,0,,cauldron,,,
cave_spider_spawn_egg,1451,,cave_spider_spawn_egg,,,
chain,2526,,chain,,,
chain_command_block,1451,,chain_command_block,,,
,114,,chain_command_block,,,
chainmail_boots,1451,,chainmail_boots,,DURABILITY,
,0,,chainmail_boots,,DURABILITY,
chainmail_chestplate,1451,,chainmail_chestplate,,DURABILITY,
,0,,chainmail_chestplate,,DURABILITY,
chainmail_helmet,1451,,chainmail_helmet,,DURABILITY,
,0,,chainmail_helmet,,DURABILITY,
chainmail_leggings,1451,,chainmail_leggings,,DURABILITY,
,0,,chainmail_leggings,,DURABILITY,
charcoal,1451,,charcoal,,,
chest,1451,,chest,,,
,0,,chest,,,
chest_minecart,1451,,chest_minecart,,,
,0,,chest_minecart,,,
chicken,1451,,chicken,,,
,0,,chicken,,,
chicken_spawn_egg,1451,,chicken_spawn_egg,,,
chipped_anvil,1451,,anvil,4,,
chiseled_deepslate,2697,,chiseled_deepslate,,,
chiseled_grimstone,2695,,chiseled_deepslate,,,
chiseled_nether_bricks,2525,,chiseled_nether_bricks,,,
chiseled_polished_blackstone,2525,,chiseled_polished_blackstone,,,
chiseled_quartz_block,1451,,quartz_block,1,,
chiseled_red_sandstone,1451,,red_sandstone,1,,
chiseled_sandstone,1451,,sandstone,2,,
chiseled_stone_bricks,1451,,stonebrick,3,,
chorus_flower,1451,,chorus_flower,,,
,0,,chorus_flower,,,
chorus_fruit,1451,,chorus_fruit,,,
,0,,chorus_fruit,,,
chorus_fruit_popped,1451,,chorus_fruit_popped,,,
,0,,chorus_fruit_popped,,,
chorus_plant,1451,,chorus_plant,,,
,0,,chorus_plant,,,
clay,1451,,clay,,,
,0,,clay,,,
clay_ball,1451,,clay_ball,,,
,0,,clay_ball,,,
clock,1451,,clock,,,
,0,,clock,,,
clownfish,1451,,tropical_fish,,,
clownfish_bucket,1473,,tropical_fish_bucket,,,
coal,1451,,coal,,,
,0,1,charcoal,,,
,0,0,coal,,,
coal_block,1451,,coal_block,,,
,0,,coal_block,,,
coal_ore,1451,,coal_ore,,,
,0,,coal_ore,,,
coarse_dirt,1451,,dirt,1,,
cobbled_deepslate,2697,,cobbled_deepslate,,,
cobbled_deepslate_slab,2697,,cobbled_deepslate_slab,,,
cobbled_deepslate_stairs,2697,,cobbled_deepslate_stairs,,,
cobbled_deepslate_wall,2697,,cobbled_deepslate_wall,,,
cobblestone,1451,,cobblestone,,,
,0,,cobblestone,,,
cobblestone_slab,1451,,stone_slab,3,,
cobblestone_stairs,1451,,stone_stairs,,,
cobblestone_wall,1451,,cobblestone_wall,0,,
,0,0,cobblestone_wall,0,,
,0,1,cobblestone_wall,1,,
cobweb,1451,,web,,,
cocoa_beans,1451,,cocoa_beans,,,
cod,1451,,cod,,,
cod_bucket,1471,,cod_bucket,,,
command_block,1451,,command_block,,,
,0,,command_block,,,
command_block_minecart,1451,,command_block_minecart,,,
,0,,command_block_minecart,,,
comparator,1451,,comparator,,,
,0,,comparator,,,
compass,1451,,compass,,,
,0,,compass,,,
composter,1922,,composter,,,
concrete,1022,15,concrete,15,,
,1022,11,concrete,11,,
,1022,12,concrete,12,,
,1022,9,concrete,9,,
,1022,7,concrete,7,,
,1022,13,concrete,13,,
,1022,3,concrete,3,,
,1022,8,concrete,8,,
,1022,5,concrete,5,,
,1022,2,concrete,2,,
,1022,1,concrete,1,,
,1022,6,concrete,6,,
,1022,10,concrete,10,,
,1022,14,concrete,14,,
,1022,0,concrete,0,,
,1022,4,concrete,4,,
concrete_powder,1022,15,concrete_powder,15,,
,1022,11,concrete_powder,11,,
,1022,12,concrete_powder,12,,
,1022,9,concrete_powder,9,,
,1022,7,concrete_powder,7,,
,1022,13,concrete_powder,13,,
,1022,3,concrete_powder,3,,
,1022,8,concrete_powder,8,,
,1022,5,concrete_powder,5,,
,1022,2,concrete_powder,2,,
,1022,1,concrete_powder,1,,
,1022,6,concrete_powder,6,,
,1022,10,concrete_powder,10,,
,1022,14,concrete_powder,14,,
,1022,0,concrete_powder,0,,
,1022,4,concrete_powder,4,,
conduit,1482,,conduit,,,
cooked_beef,1451,,cooked_beef,,,
,0,,cooked_beef,,,
cooked_chicken,1451,,cooked_chicken,,,
,0,,cooked_chicken,,,
cooked_cod,1451,,cooked_cod,,,
cooked_fish,0,0,cooked_cod,,,
,0,1,cooked_salmon,,,
cooked_fished,0,0,cooked_cod,,,
,0,1,cooked_salmon,,,
cooked_mutton,1451,,cooked_mutton,,,
,0,,cooked_mutton,,,
cooked_porkchop,1451,,cooked_porkchop,,,
,0,,cooked_porkchop,,,
cooked_rabbit,1451,,cooked_rabbit,,,
,0,,cooked_rabbit,,,
cooked_salmon,1451,,cooked_salmon,,,
cookie,1451,,cookie,,,
,0,,cookie,,,
copper_block,2681,,copper_block,,,
copper_ingot,2681,,copper_ingot,,,
copper_ore,2681,,copper_ore,,,
cornflower,1901,,red_flower,9,,
cow_spawn_egg,1451,,cow_spawn_egg,,,
cracked_deepslate_bricks,2699,,cracked_deepslate_bricks,,,
cracked_deepslate_tiles,2699,,cracked_deepslate_tiles,,,
cracked_nether_bricks,2525,,cracked_nether_bricks,,,
cracked_polished_blackstone_bricks,2525,,cracked_polished_blackstone_bricks,,,
cracked_stone_bricks,1451,,stonebrick,2,,
crafting_table,1451,,crafting_table,,,
,0,,crafting_table,,,
creeper_banner_pattern,1901,,creeper_banner_pattern,,,
creeper_head,1451,,skull,4,,
creeper_spawn_egg,1451,,creeper_spawn_egg,,,
crimson_button,2504,,crimson_button,,,
crimson_door,2504,,crimson_door,,,
crimson_fence,2504,,crimson_fence,,,
crimson_fence_gate,2504,,crimson_fence_gate,,,
crimson_fungi,2504,,crimson_fungus,,,
crimson_fungus,2510,,crimson_fungus,,,
crimson_hyphae,2512,,crimson_hyphae,,,
crimson_nylium,2504,,crimson_nylium,,,
crimson_planks,2504,,crimson_planks,,,
crimson_pressure_plate,2504,,crimson_pressure_plate,,,
crimson_roots,2504,,crimson_roots,,,
crimson_sign,2504,,crimson_sign,,,
crimson_slab,2504,,crimson_slab,,,
crimson_stairs,2504,,crimson_stairs,,,
crimson_stem,2504,,crimson_stem,,,
crimson_trapdoor,2504,,crimson_trapdoor,,,
crossbow,1901,,crossbow,,DURABILITY,
crying_obsidian,2510,,crying_obsidian,,,
cut_copper,2681,,cut_copper,,,
cut_copper_slab,2681,,cut_copper_slab,,,
cut_copper_stairs,2681,,cut_copper_stairs,,,
cut_red_sandstone,1451,,red_sandstone,3,,
cut_red_sandstone_slab,1940,,stone_slab4,4,,
cut_sandstone,1451,,sandstone,1,,
cut_sandstone_slab,1940,,stone_slab4,3,,
cyan_banner,1451,,banner,6,,
cyan_bed,1451,,bed,9,,
cyan_candle,2681,,cyan_candle,,,
cyan_carpet,1451,,carpet,9,,
cyan_concrete,1451,,concrete,9,,
cyan_concrete_powder,1451,,concrete_powder,9,,
cyan_dye,1451,,cyan_dye,,,
cyan_glazed_terracotta,1451,,cyan_glazed_terracotta,,,
,1022,,cyan_glazed_terracotta,,,
cyan_shulker_box,1451,,shulker_box,9,,
,920,,shulker_box,9,,
cyan_stained_glass,1451,,stained_glass,9,,
cyan_stained_glass_pane,1451,,stained_glass_pane,9,,
cyan_terracotta,1451,,stained_hardened_clay,9,,
cyan_wool,1451,,wool,9,,
damaged_anvil,1451,,anvil,8,,
dandelion,1451,,yellow_flower,,,
dandelion_yellow,1451,,yellow_dye,,,
dark_oak_bark,1451,,wood,5,,
dark_oak_boat,1451,,dark_oak_boat,,,
,136,,dark_oak_boat,,,
dark_oak_button,1451,,dark_oak_button,,,
dark_oak_door,1451,,dark_oak_door,,,
,0,,dark_oak_door,,,
dark_oak_fence,1451,,fence,5,,
,0,,fence,5,,
dark_oak_fence_gate,1451,,dark_oak_fence_gate,,,
,0,,dark_oak_fence_gate,,,
dark_oak_leaves,1451,,leaves2,1,,
dark_oak_log,1451,,log2,1,,
dark_oak_planks,1451,,planks,5,,
dark_oak_pressure_plate,1451,,dark_oak_pressure_plate,,,
dark_oak_sapling,1451,,sapling,5,,
dark_oak_sign,1901,,darkoak_sign,,,
dark_oak_slab,1451,,wooden_slab,5,,
dark_oak_stairs,1451,,dark_oak_stairs,,,
,0,,dark_oak_stairs,,,
dark_oak_trapdoor,1451,,dark_oak_trapdoor,,,
dark_oak_wood,1511,,wood,5,,
dark_prismarine,1451,,prismarine,2,,
dark_prismarine_slab,1467,,stone_slab2,3,,
dark_prismarine_stairs,1467,,dark_prismarine_stairs,,,
daylight_detector,1451,,daylight_detector,,,
,0,,daylight_detector,,,
dead_brain_coral,1451,,coral,9,,
dead_brain_coral_block,1481,,coral_block,9,,
dead_brain_coral_fan,1516,,coral_fan_dead,1,,
dead_bubble_coral,1451,,coral,10,,
dead_bubble_coral_block,1481,,coral_block,10,,
dead_bubble_coral_fan,1516,,coral_fan_dead,2,,
dead_bush,1451,,deadbush,,,
dead_coral,1472,,coral_block,8,,
dead_fire_coral,1451,,coral,11,,
dead_fire_coral_block,1481,,coral_block,11,,
dead_fire_coral_fan,1516,,coral_fan_dead,3,,
dead_horn_coral,1451,,coral,12,,
dead_horn_coral_block,1481,,coral_block,12,,
dead_horn_coral_fan,1516,,coral_fan_dead,4,,
dead_tube_coral,1451,,coral,8,,
dead_tube_coral_block,1481,,coral_block,8,,
dead_tube_coral_fan,1516,,coral_fan_dead,0,,
deadbush,0,,deadbush,,,
deepslate,2697,,deepslate,,,
deepslate_brick_slab,2697,,deepslate_brick_slab,,,
deepslate_brick_stairs,2697,,deepslate_brick_stairs,,,
deepslate_brick_wall,2697,,deepslate_brick_wall,,,
deepslate_bricks,2697,,deepslate_bricks,,,
deepslate_coal_ore,2699,,deepslate_coal_ore,,,
deepslate_copper_ore,2699,,deepslate_copper_ore,,,
deepslate_diamond_ore,2697,,deepslate_diamond_ore,,,
deepslate_emerald_ore,2699,,deepslate_emerald_ore,,,
deepslate_gold_ore,2697,,deepslate_gold_ore,,,
deepslate_iron_ore,2697,,deepslate_iron_ore,,,
deepslate_lapis_ore,2697,,deepslate_lapis_ore,,,
deepslate_redstone_ore,2697,,deepslate_redstone_ore,,,
deepslate_tile_slab,2697,,deepslate_tile_slab,,,
deepslate_tile_stairs,2697,,deepslate_tile_stairs,,,
deepslate_tile_wall,2697,,deepslate_tile_wall,,,
deepslate_tiles,2697,,deepslate_tiles,,,
detector_rail,1451,,detector_rail,,,
,0,,detector_rail,,,
diamond,1451,,diamond,,,
,0,,diamond,,,
diamond_axe,1451,,diamond_axe,,DURABILITY,
,0,,diamond_axe,,DURABILITY,
diamond_block,1451,,diamond_block,,,
,0,,diamond_block,,,
diamond_boots,1451,,diamond_boots,,DURABILITY,
,0,,diamond_boots,,DURABILITY,
diamond_chestplate,1451,,diamond_chestplate,,DURABILITY,
,0,,diamond_chestplate,,DURABILITY,
diamond_helmet,1451,,diamond_helmet,,DURABILITY,
,0,,diamond_helmet,,DURABILITY,
diamond_hoe,1451,,diamond_hoe,,DURABILITY,
,0,,diamond_hoe,,DURABILITY,
diamond_horse_armor,1451,,diamond_horse_armor,,DURABILITY,
,0,,diamond_horse_armor,,DURABILITY,
diamond_leggings,1451,,diamond_leggings,,DURABILITY,
,0,,diamond_leggings,,DURABILITY,
diamond_ore,1451,,diamond_ore,,,
,0,,diamond_ore,,,
diamond_pickaxe,1451,,diamond_pickaxe,,DURABILITY,
,0,,diamond_pickaxe,,DURABILITY,
diamond_shovel,1451,,diamond_shovel,,DURABILITY,
,0,,diamond_shovel,,DURABILITY,
diamond_sword,1451,,diamond_sword,,DURABILITY,
,0,,diamond_sword,,DURABILITY,
diorite,1451,,stone,3,,
diorite_slab,1901,,stone_slab3,4,,
diorite_stairs,1901,,diorite_stairs,,,
diorite_wall,1901,,cobblestone_wall,3,,
dirt,1451,,dirt,0,,
,0,1,dirt,1,,
,0,0,dirt,0,,
,0,2,podzol,,,
dirt_path,2681,,grass_path,,,
dispenser,1451,,dispenser,,,
,0,,dispenser,,,
donkey_spawn_egg,1451,,donkey_spawn_egg,,,
double_plant,0,3,double_plant,3,,
,0,1,double_plant,1,,
,0,5,double_plant,5,,
,0,4,double_plant,4,,
,0,0,double_plant,0,,
,0,2,double_plant,2,,
double_stone_slab,0,8,smooth_stone,,,
dragon_breath,1451,,dragon_breath,,,
,111,,dragon_breath,,,
dragon_egg,1451,,dragon_egg,,,
,0,,dragon_egg,,,
dragon_head,1451,,skull,5,,
dried_kelp,1467,,dried_kelp,,,
dried_kelp_block,1467,,dried_kelp_block,,,
dripstone_block,2683,,dripstone_block,,,
dropper,1451,,dropper,,,
,0,,dropper,,,
dye,0,15,bone_meal,,,
,0,3,cocoa_beans,,,
,0,6,cyan_dye,,,
,0,8,gray_dye,,,
,0,2,green_dye,,,
,0,0,ink_sac,,,
,0,4,lapis_lazuli,,,
,0,12,light_blue_dye,,,
,0,7,light_gray_dye,,,
,0,10,lime_dye,,,
,0,13,magenta_dye,,,
,0,14,orange_dye,,,
,0,9,pink_dye,,,
,0,5,purple_dye,,,
,0,1,red_dye,,,
,0,11,yellow_dye,,,
egg,1451,,egg,,,
,0,,egg,,,
elder_guardian_spawn_egg,1451,,elder_guardian_spawn_egg,,,
elytra,1451,,elytra,,,
,136,,elytra,,,
emerald,1451,,emerald,,,
,0,,emerald,,,
emerald_block,1451,,emerald_block,,,
,0,,emerald_block,,,
emerald_ore,1451,,emerald_ore,,,
,0,,emerald_ore,,,
enchanted_book,1451,,enchanted_book,,,
,0,,enchanted_book,,,
enchanted_golden_apple,1451,,enchanted_golden_apple,,,
enchanting_table,1451,,enchanting_table,,,
,0,,enchanting_table,,,
end_bricks,0,,end_bricks,,,
end_crystal,1451,,end_crystal,,,
,142,,end_crystal,,,
end_portal_frame,1451,,end_portal_frame,,,
,0,,end_portal_frame,,,
end_rod,1451,,end_rod,,,
,0,,end_rod,,,
end_stone,1451,,end_stone,,,
,0,,end_stone,,,
end_stone_brick_slab,1901,,stone_slab3,0,,
end_stone_brick_stairs,1901,,end_brick_stairs,,,
end_stone_brick_wall,1901,,cobblestone_wall,9,,
end_stone_bricks,1451,,end_bricks,,,
ender_chest,1451,,ender_chest,,,
,0,,ender_chest,,,
ender_eye,1451,,ender_eye,,,
,0,,ender_eye,,,
ender_pearl,1451,,ender_pearl,,,
,0,,ender_pearl,,,
enderman_spawn_egg,1451,,enderman_spawn_egg,,,
endermite_spawn_egg,1451,,endermite_spawn_egg,,,
evoker_spawn_egg,1451,,evoker_spawn_egg,,,
experience_bottle,1451,,experience_bottle,,,
,0,,experience_bottle,,,
exposed_copper,2692,,exposed_copper,,,
exposed_copper_block,2690,,exposed_copper,,,
exposed_cut_copper,2690,,exposed_cut_copper,,,
exposed_cut_copper_slab,2690,,exposed_cut_copper_slab,,,
exposed_cut_copper_stairs,2690,,exposed_cut_copper_stairs,,,
farmland,1451,,farmland,,,
,0,,farmland,,,
feather,1451,,feather,,,
,0,,feather,,,
fence,0,,fence,0,,
fence_gate,0,,fence_gate,,,
fermented_spider_eye,1451,,fermented_spider_eye,,,
,0,,fermented_spider_eye,,,
fern,1451,,tallgrass,2,,
filled_map,1451,,map,,,
,0,,map,,,
fire,1451,,fire,,,
,0,,fire,,,
fire_charge,1451,,fire_charge,,,
,0,,fire_charge,,,
fire_coral,1481,,coral,3,,
fire_coral_block,1481,,coral_block,3,,
fire_coral_fan,1481,,coral_fan,3,,
firework_charge,0,,firework_star,,,
firework_rocket,1451,,firework_rocket,,,
firework_star,1451,,firework_star,,,
fireworks,0,,firework_rocket,,,
fish,0,0,cod,,,
,0,3,pufferfish,,,
,0,1,salmon,,,
,0,2,tropical_fish,,,
fishing_rod,1451,,fishing_rod,,DURABILITY,
,0,,fishing_rod,,DURABILITY,
fletching_table,1907,,fletching_table,,,
flint,1451,,flint,,,
,0,,flint,,,
flint_and_steel,1451,,flint_and_steel,,DURABILITY,
,0,,flint_and_steel,,DURABILITY,
flower_banner_pattern,1901,,flower_banner_pattern,,,
flower_pot,1451,,flower_pot,,,
,0,,flower_pot,,,
flowering_azalea,2690,,flowering_azalea,,,
flowering_azalea_leaves,2718,,azalea_leaves_flowered,,,
flowing_lava,1451,,flowing_lava,,,
,0,,flowing_lava,,,
flowing_water,1451,,flowing_water,,,
,0,,flowing_water,,,
frosted_ice,1451,,frosted_ice,,,
,138,,frosted_ice,,,
furnace,1451,,furnace,,,
,0,,furnace,,,
ghast_spawn_egg,1451,,ghast_spawn_egg,,,
ghast_tear,1451,,ghast_tear,,,
,0,,ghast_tear,,,
gilded_blackstone,2525,,gilded_blackstone,,,
glass,1451,,glass,,,
,0,,glass,,,
glass_bottle,1451,,glass_bottle,,,
,0,,glass_bottle,,,
glass_pane,1451,,glass_pane,,,
,0,,glass_pane,,,
glistering_melon_slice,1491,,glistering_melon_slice,,,
glow_berries,2690,,glow_berries,,,
glow_ink_sac,2689,,glow_ink_sac,,,
glow_item_frame,2689,,glow_frame,,,
glow_lichen,2689,,glow_lichen,,,
glowstone,1451,,glowstone,,,
,0,,glowstone,,,
glowstone_dust,1451,,glowstone_dust,,,
,0,,glowstone_dust,,,
gold_block,1451,,gold_block,,,
,0,,gold_block,,,
gold_ingot,1451,,gold_ingot,,,
,0,,gold_ingot,,,
gold_nugget,1451,,gold_nugget,,,
,0,,gold_nugget,,,
gold_ore,1451,,gold_ore,,,
,0,,gold_ore,,,
golden_apple,1451,,golden_apple,,,
,0,1,enchanted_golden_apple,,,
,0,0,golden_apple,,,
golden_axe,1451,,golden_axe,,DURABILITY,
,0,,golden_axe,,DURABILITY,
golden_boots,1451,,golden_boots,,DURABILITY,
,0,,golden_boots,,DURABILITY,
golden_carrot,1451,,golden_carrot,,,
,0,,golden_carrot,,,
golden_chestplate,1451,,golden_chestplate,,DURABILITY,
,0,,golden_chestplate,,DURABILITY,
golden_helmet,1451,,golden_helmet,,DURABILITY,
,0,,golden_helmet,,DURABILITY,
golden_hoe,1451,,golden_hoe,,DURABILITY,
,0,,golden_hoe,,DURABILITY,
golden_horse_armor,1451,,golden_horse_armor,,DURABILITY,
,0,,golden_horse_armor,,DURABILITY,
golden_leggings,1451,,golden_leggings,,DURABILITY,
,0,,golden_leggings,,DURABILITY,
golden_pickaxe,1451,,golden_pickaxe,,DURABILITY,
,0,,golden_pickaxe,,DURABILITY,
golden_rail,0,,golden_rail,,,
golden_shovel,1451,,golden_shovel,,DURABILITY,
,0,,golden_shovel,,DURABILITY,
golden_sword,1451,,golden_sword,,DURABILITY,
,0,,golden_sword,,DURABILITY,
granite,1451,,stone,1,,
granite_slab,1901,,stone_slab3,6,,
granite_stairs,1901,,granite_stairs,,,
granite_wall,1901,,cobblestone_wall,2,,
grass,1451,,tallgrass,0,,
,0,,grass,,,
grass_block,1451,,grass,,,
grass_path,1451,,grass_path,,,
,0,,grass_path,,,
gravel,1451,,gravel,,,
,0,,gravel,,,
gray_banner,1451,,banner,8,,
gray_bed,1451,,bed,7,,
gray_candle,2681,,gray_candle,,,
gray_carpet,1451,,carpet,7,,
gray_concrete,1451,,concrete,7,,
gray_concrete_powder,1451,,concrete_powder,7,,
gray_dye,1451,,gray_dye,,,
gray_glazed_terracotta,1451,,gray_glazed_terracotta,,,
,1022,,gray_glazed_terracotta,,,
gray_shulker_box,1451,,shulker_box,7,,
,920,,shulker_box,7,,
gray_stained_glass,1451,,stained_glass,7,,
gray_stained_glass_pane,1451,,stained_glass_pane,7,,
gray_terracotta,1451,,stained_hardened_clay,7,,
gray_wool,1451,,wool,7,,
green_banner,1451,,banner,2,,
green_bed,1451,,bed,13,,
green_candle,2681,,green_candle,,,
green_carpet,1451,,carpet,13,,
green_concrete,1451,,concrete,13,,
green_concrete_powder,1451,,concrete_powder,13,,
green_dye,1901,,green_dye,,,
green_glazed_terracotta,1451,,green_glazed_terracotta,,,
,1022,,green_glazed_terracotta,,,
green_shulker_box,1451,,shulker_box,13,,
,920,,shulker_box,13,,
green_stained_glass,1451,,stained_glass,13,,
green_stained_glass_pane,1451,,stained_glass_pane,13,,
green_terracotta,1451,,stained_hardened_clay,13,,
green_wool,1451,,wool,13,,
grimstone,2695,,deepslate,,,
grimstone_brick_slab,2695,,deepslate_brick_slab,,,
grimstone_brick_stairs,2695,,deepslate_brick_stairs,,,
grimstone_brick_wall,2695,,deepslate_brick_wall,,,
grimstone_bricks,2695,,deepslate_bricks,,,
grimstone_tile_slab,2695,,deepslate_tile_slab,,,
grimstone_tile_stairs,2695,,deepslate_tile_stairs,,,
grimstone_tile_wall,2695,,deepslate_tile_wall,,,
grimstone_tiles,2695,,deepslate_tiles,,,
grindstone,1907,,grindstone,,,
guardian_spawn_egg,1451,,guardian_spawn_egg,,,
gunpowder,1451,,gunpowder,,,
,0,,gunpowder,,,
hanging_roots,2690,,hanging_roots,,,
hardened_clay,0,,hardened_clay,,,
hay_block,1451,,hay_block,,,
,0,,hay_block,,,
heart_of_the_sea,1482,,heart_of_the_sea,,,
heavy_weighted_pressure_plate,1451,,heavy_weighted_pressure_plate,,,
,0,,heavy_weighted_pressure_plate,,,
honey_block,2210,,honey_block,,,
honey_bottle,2200,,honey_bottle,,,
honeycomb,2200,,honeycomb,,,
honeycomb_block,2210,,honeycomb_block,,,
hopper,1451,,hopper,,,
,0,,hopper,,,
hopper_minecart,1451,,hopper_minecart,,,
,0,,hopper_minecart,,,
horn_coral,1481,,coral,4,,
horn_coral_block,1481,,coral_block,4,,
horn_coral_fan,1481,,coral_fan,4,,
horse_spawn_egg,1451,,horse_spawn_egg,,,
husk_spawn_egg,1451,,husk_spawn_egg,,,
ice,1451,,ice,,,
,0,,ice,,,
infested_chiseled_stone_bricks,1451,,monster_egg,5,,
infested_cobblestone,1451,,monster_egg,1,,
infested_cracked_stone_bricks,1451,,monster_egg,3,,
infested_deepslate,2699,,infested_deepslate,,,
infested_mossy_stone_bricks,1451,,monster_egg,4,,
infested_stone,1451,,monster_egg,0,,
infested_stone_bricks,1451,,monster_egg,2,,
ink_sac,1451,,ink_sac,,,
iron_axe,1451,,iron_axe,,DURABILITY,
,0,,iron_axe,,DURABILITY,
iron_bars,1451,,iron_bars,,,
,0,,iron_bars,,,
iron_block,1451,,iron_block,,,
,0,,iron_block,,,
iron_boots,1451,,iron_boots,,DURABILITY,
,0,,iron_boots,,DURABILITY,
iron_chestplate,1451,,iron_chestplate,,DURABILITY,
,0,,iron_chestplate,,DURABILITY,
iron_door,1451,,iron_door,,,
,0,,iron_door,,,
iron_helmet,1451,,iron_helmet,,DURABILITY,
,0,,iron_helmet,,DURABILITY,
iron_hoe,1451,,iron_hoe,,DURABILITY,
,0,,iron_hoe,,DURABILITY,
iron_horse_armor,1451,,iron_horse_armor,,DURABILITY,
,0,,iron_horse_armor,,DURABILITY,
iron_ingot,1451,,iron_ingot,,,
,0,,iron_ingot,,,
iron_leggings,1451,,iron_leggings,,DURABILITY,
,0,,iron_leggings,,DURABILITY,
iron_nugget,1451,,iron_nugget,,,
,920,,iron_nugget,,,
iron_ore,1451,,iron_ore,,,
,0,,iron_ore,,,
iron_pickaxe,1451,,iron_pickaxe,,DURABILITY,
,0,,iron_pickaxe,,DURABILITY,
iron_shovel,1451,,iron_shovel,,DURABILITY,
,0,,iron_shovel,,DURABILITY,
iron_sword,1451,,iron_sword,,DURABILITY,
,0,,iron_sword,,DURABILITY,
iron_trapdoor,1451,,iron_trapdoor,,,
,0,,iron_trapdoor,,,
item_frame,1451,,frame,,,
,0,,frame,,,
jack_o_lantern,1451,,lit_pumpkin,,,
jukebox,1451,,jukebox,,,
,0,,jukebox,,,
jungle_bark,1451,,wood,3,,
jungle_boat,1451,,jungle_boat,,,
,136,,jungle_boat,,,
jungle_button,1451,,jungle_button,,,
jungle_door,1451,,jungle_door,,,
,0,,jungle_door,,,
jungle_fence,1451,,fence,3,,
,0,,fence,3,,
jungle_fence_gate,1451,,jungle_fence_gate,,,
,0,,jungle_fence_gate,,,
jungle_leaves,1451,,leaves,3,,
jungle_log,1451,,log,3,,
jungle_planks,1451,,planks,3,,
jungle_pressure_plate,1451,,jungle_pressure_plate,,,
jungle_sapling,1451,,sapling,3,,
jungle_sign,1901,,jungle_sign,,,
jungle_slab,1451,,wooden_slab,3,,
jungle_stairs,1451,,jungle_stairs,,,
,0,,jungle_stairs,,,
jungle_trapdoor,1451,,jungle_trapdoor,,,
jungle_wood,1511,,wood,3,,
kelp,1489,,kelp,,,
kelp_top,1467,,kelp,,,
ladder,1451,,ladder,,,
,0,,ladder,,,
lantern,1910,,lantern,,,
lapis_block,1451,,lapis_block,,,
,0,,lapis_block,,,
lapis_lazuli,1451,,lapis_lazuli,,,
lapis_ore,1451,,lapis_ore,,,
,0,,lapis_ore,,,
large_amethyst_bud,2681,,large_amethyst_bud,,,
large_fern,1451,,double_plant,3,,
lava,1451,,lava,,,
,0,,lava,,,
lava_bucket,1451,,lava_bucket,,,
,0,,lava_bucket,,,
lead,1451,,lead,,,
,0,,lead,,,
leather,1451,,leather,,,
,0,,leather,,,
leather_boots,1451,,leather_boots,,DURABILITY | COLORED,
,0,,leather_boots,,DURABILITY | COLORED,
leather_chestplate,1451,,leather_chestplate,,DURABILITY | COLORED,
,0,,leather_chestplate,,DURABILITY | COLORED,
leather_helmet,1451,,leather_helmet,,DURABILITY | COLORED,
,0,,leather_helmet,,DURABILITY | COLORED,
leather_horse_armor,1933,,leather_horse_armor,,DURABILITY | COLORED,
leather_leggings,1451,,leather_leggings,,DURABILITY | COLORED,
,0,,leather_leggings,,DURABILITY | COLORED,
leaves,0,2,leaves,2,,
,0,3,leaves,3,,
,0,0,leaves,0,,
,0,1,leaves,1,,
leaves2,0,0,leaves2,0,,
,0,1,leaves2,1,,
lectern,1907,,lectern,,,
lever,1451,,lever,,,
,0,,lever,,,
light_blue_banner,1451,,banner,12,,
light_blue_bed,1451,,bed,3,,
light_blue_candle,2681,,light_blue_candle,,,
light_blue_carpet,1451,,carpet,3,,
light_blue_concrete,1451,,concrete,3,,
light_blue_concrete_powder,1451,,concrete_powder,3,,
light_blue_dye,1451,,light_blue_dye,,,
light_blue_glazed_terracotta,1451,,light_blue_glazed_terracotta,,,
,1022,,light_blue_glazed_terracotta,,,
light_blue_shulker_box,1451,,shulker_box,3,,
,920,,shulker_box,3,,
light_blue_stained_glass,1451,,stained_glass,3,,
light_blue_stained_glass_pane,1451,,stained_glass_pane,3,,
light_blue_terracotta,1451,,stained_hardened_clay,3,,
light_blue_wool,1451,,wool,3,,
light_gray_banner,1451,,banner,7,,
light_gray_bed,1451,,bed,8,,
light_gray_candle,2681,,light_gray_candle,,,
light_gray_carpet,1451,,carpet,8,,
light_gray_concrete,1451,,concrete,8,,
light_gray_concrete_powder,1451,,concrete_powder,8,,
light_gray_dye,1451,,light_gray_dye,,,
light_gray_glazed_terracotta,1451,,silver_glazed_terracotta,,,
light_gray_shulker_box,1451,,shulker_box,8,,
light_gray_stained_glass,1451,,stained_glass,8,,
light_gray_stained_glass_pane,1451,,stained_glass_pane,8,,
light_gray_terracotta,1451,,stained_hardened_clay,8,,
light_gray_wool,1451,,wool,8,,
light_weighted_pressure_plate,1451,,light_weighted_pressure_plate,,,
,0,,light_weighted_pressure_plate,,,
lightly_weathered_copper_block,2681,,exposed_copper,,,
lightly_weathered_cut_copper,2681,,exposed_cut_copper,,,
lightly_weathered_cut_copper_slab,2681,,exposed_cut_copper_slab,,,
lightly_weathered_cut_copper_stairs,2681,,exposed_cut_copper_stairs,,,
lightning_rod,2681,,lightning_rod,,,
lilac,1451,,double_plant,1,,
lily_of_the_valley,1901,,red_flower,10,,
lily_pad,1451,,waterlily,,,
lime_banner,1451,,banner,10,,
lime_bed,1451,,bed,5,,
lime_candle,2681,,lime_candle,,,
lime_carpet,1451,,carpet,5,,
lime_concrete,1451,,concrete,5,,
lime_concrete_powder,1451,,concrete_powder,5,,
lime_dye,1451,,lime_dye,,,
lime_glazed_terracotta,1451,,lime_glazed_terracotta,,,
,1022,,lime_glazed_terracotta,,,
lime_shulker_box,1451,,shulker_box,5,,
,920,,shulker_box,5,,
lime_stained_glass,1451,,stained_glass,5,,
lime_stained_glass_pane,1451,,stained_glass_pane,5,,
lime_terracotta,1451,,stained_hardened_clay,5,,
lime_wool,1451,,wool,5,,
lingering_potion,1451,,lingering_potion,,POTION,
,0,,lingering_potion,,POTION,
lit_pumpkin,0,,lit_pumpkin,,,
llama_spawn_egg,1451,,llama_spawn_egg,,,
lodestone,2520,,lodestone,,,
log,0,2,log,2,,
,0,3,log,3,,
,0,0,log,0,,
,0,1,log,1,,
log2,0,0,log2,0,,
,0,1,log2,1,,
loom,1901,,loom,,,
magenta_banner,1451,,banner,13,,
magenta_bed,1451,,bed,2,,
magenta_candle,2681,,magenta_candle,,,
magenta_carpet,1451,,carpet,2,,
magenta_concrete,1451,,concrete,2,,
magenta_concrete_powder,1451,,concrete_powder,2,,
magenta_dye,1451,,magenta_dye,,,
magenta_glazed_terracotta,1451,,magenta_glazed_terracotta,,,
,1022,,magenta_glazed_terracotta,,,
magenta_shulker_box,1451,,shulker_box,2,,
,920,,shulker_box,2,,
magenta_stained_glass,1451,,stained_glass,2,,
magenta_stained_glass_pane,1451,,stained_glass_pane,2,,
magenta_terracotta,1451,,stained_hardened_clay,2,,
magenta_wool,1451,,wool,2,,
magma,501,,magma,,,
magma_block,1451,,magma,,,
magma_cream,1451,,magma_cream,,,
,0,,magma_cream,,,
magma_cube_spawn_egg,1451,,magma_cube_spawn_egg,,,
map,1451,,empty_map,,,
,0,,empty_map,,,
medium_amethyst_bud,2681,,medium_amethyst_bud,,,
melon,1491,,melon_block,,,
,1451,,melon_slice,,,
,0,,melon_slice,,,
melon_block,1451,,melon_block,,,
,0,,melon_block,,,
melon_seeds,1451,,melon_seeds,,,
,0,,melon_seeds,,,
melon_slice,1491,,melon_slice,,,
melon_stem,1451,,melon_stem,,,
milk_bucket,1451,,milk_bucket,,,
,0,,milk_bucket,,,
minecart,1451,,minecart,,,
,0,,minecart,,,
mob_spawner,1451,,mob_spawner,,,
,0,,mob_spawner,,,
mojang_banner_pattern,1901,,mojang_banner_pattern,,,
monster_egg,0,5,monster_egg,5,,
,0,1,monster_egg,1,,
,0,4,monster_egg,3,,
,0,3,monster_egg,4,,
,0,0,monster_egg,0,,
,0,2,monster_egg,2,,
mooshroom_spawn_egg,1451,,mooshroom_spawn_egg,,,
moss_block,2690,,moss_block,,,
moss_carpet,2690,,moss_carpet,,,
mossy_cobblestone,1451,,mossy_cobblestone,,,
,0,,mossy_cobblestone,,,
mossy_cobblestone_slab,1901,,stone_slab2,5,,
mossy_cobblestone_stairs,1901,,mossy_cobblestone_stairs,,,
mossy_cobblestone_wall,1451,,cobblestone_wall,1,,
mossy_stone_brick_slab,1901,,stone_slab4,0,,
mossy_stone_brick_stairs,1901,,mossy_stone_brick_stairs,,,
mossy_stone_brick_wall,1901,,cobblestone_wall,8,,
mossy_stone_bricks,1451,,stonebrick,1,,
mule_spawn_egg,1451,,mule_spawn_egg,,,
mushroom_stem,1451,,brown_mushroom_block,10,,
mushroom_stew,1451,,mushroom_stew,,,
,0,,mushroom_stew,,,
music_disc_11,1451,,music_disc_11,,,
music_disc_13,1451,,music_disc_13,,,
music_disc_blocks,1451,,music_disc_blocks,,,
music_disc_cat,1451,,music_disc_cat,,,
music_disc_chirp,1451,,music_disc_chirp,,,
music_disc_far,1451,,music_disc_far,,,
music_disc_mall,1451,,music_disc_mall,,,
music_disc_mellohi,1451,,music_disc_mellohi,,,
music_disc_pigstep,2526,,music_disc_pigstep,,,
music_disc_stal,1451,,music_disc_stal,,,
music_disc_strad,1451,,music_disc_strad,,,
music_disc_wait,1451,,music_disc_wait,,,
music_disc_ward,1451,,music_disc_ward,,,
mutton,1451,,mutton,,,
,0,,mutton,,,
mycelium,1451,,mycelium,,,
,0,,mycelium,,,
name_tag,1451,,name_tag,,,
,0,,name_tag,,,
nautilus_shell,1482,,nautilus_shell,,,
nether_brick,1451,,netherbrick,,,
,0,,nether_brick,,,
nether_brick_fence,1451,,nether_brick_fence,,,
,0,,nether_brick_fence,,,
nether_brick_slab,1451,,stone_slab,7,,
nether_brick_stairs,1451,,nether_brick_stairs,,,
,0,,nether_brick_stairs,,,
nether_brick_wall,1901,,cobblestone_wall,10,,
nether_bricks,1451,,nether_brick,,,
nether_gold_ore,2513,,nether_gold_ore,,,
nether_portal,1511,,portal,,,
nether_quartz_ore,1451,,quartz_ore,,,
nether_sprouts,2504,,nether_sprouts,,,
nether_star,1451,,netherstar,,,
,0,,netherstar,,,
nether_wart,1451,,nether_wart,,,
,501,,nether_wart,,,
nether_wart_block,1451,,nether_wart_block,,,
,501,,nether_wart_block,,,
netherbrick,0,,netherbrick,,,
netherite_axe,2504,,netherite_axe,,DURABILITY,
netherite_block,2504,,netherite_block,,,
netherite_boots,2504,,netherite_boots,,DURABILITY,
netherite_chestplate,2504,,netherite_chestplate,,DURABILITY,
netherite_helmet,2504,,netherite_helmet,,DURABILITY,
netherite_hoe,2504,,netherite_hoe,,DURABILITY,
netherite_ingot,2504,,netherite_ingot,,,
netherite_leggings,2504,,netherite_leggings,,DURABILITY,
netherite_pickaxe,2504,,netherite_pickaxe,,DURABILITY,
netherite_scrap,2504,,netherite_scrap,,,
netherite_shovel,2504,,netherite_shovel,,DURABILITY,
netherite_sword,2504,,netherite_sword,,DURABILITY,
netherrack,1451,,netherrack,,,
,0,,netherrack,,,
note_block,1451,,noteblock,,,
noteblock,0,,noteblock,,,
oak_bark,1451,,wood,0,,
oak_boat,1451,,oak_boat,,,
oak_button,1451,,wooden_button,,,
oak_door,1451,,wooden_door,,,
oak_fence,1451,,fence,0,,
oak_fence_gate,1451,,fence_gate,,,
oak_leaves,1451,,leaves,0,,
oak_log,1451,,log,0,,
oak_planks,1451,,planks,0,,
oak_pressure_plate,1451,,wooden_pressure_plate,,,
oak_sapling,1451,,sapling,0,,
oak_sign,1901,,sign,,,
oak_slab,1451,,wooden_slab,0,,
oak_stairs,1451,,oak_stairs,,,
,0,,oak_stairs,,,
oak_trapdoor,1451,,trapdoor,,,
oak_wood,1511,,wood,0,,
observer,1451,,observer,,,
,809,,observer,,,
obsidian,1451,,obsidian,,,
,0,,obsidian,,,
ocelot_spawn_egg,1451,,ocelot_spawn_egg,,,
orange_banner,1451,,banner,14,,
orange_bed,1451,,bed,1,,
orange_candle,2681,,orange_candle,,,
orange_carpet,1451,,carpet,1,,
orange_concrete,1451,,concrete,1,,
orange_concrete_powder,1451,,concrete_powder,1,,
orange_dye,1451,,orange_dye,,,
orange_glazed_terracotta,1451,,orange_glazed_terracotta,,,
,1022,,orange_glazed_terracotta,,,
orange_shulker_box,1451,,shulker_box,1,,
,920,,shulker_box,1,,
orange_stained_glass,1451,,stained_glass,1,,
orange_stained_glass_pane,1451,,stained_glass_pane,1,,
orange_terracotta,1451,,stained_hardened_clay,1,,
orange_tulip,1451,,red_flower,5,,
orange_wool,1451,,wool,1,,
oxeye_daisy,1451,,red_flower,8,,
oxidized_copper,2692,,oxidized_copper,,,
oxidized_copper_block,2690,,oxidized_copper,,,
oxidized_cut_copper,2690,,oxidized_cut_copper,,,
oxidized_cut_copper_slab,2690,,oxidized_cut_copper_slab,,,
oxidized_cut_copper_stairs,2690,,oxidized_cut_copper_stairs,,,
packed_ice,1451,,packed_ice,,,
,0,,packed_ice,,,
painting,1451,,painting,,,
,0,,painting,,,
paper,1451,,paper,,,
,0,,paper,,,
parrot_spawn_egg,1451,,parrot_spawn_egg,,,
peony,1451,,double_plant,5,,
petrified_oak_slab,1451,,stone_slab,2,,
phantom_membrane,1479,,phantom_membrane,,,
pig_spawn_egg,1451,,pig_spawn_egg,,,
pink_banner,1451,,banner,9,,
pink_bed,1451,,bed,6,,
pink_candle,2681,,pink_candle,,,
pink_carpet,1451,,carpet,6,,
pink_concrete,1451,,concrete,6,,
pink_concrete_powder,1451,,concrete_powder,6,,
pink_coral,1472,,coral_block,1,,
pink_coral_fan,1478,,coral_fan,1,,
pink_coral_plant,1473,,coral,1,,
pink_dead_coral,1474,,coral_block,9,,
pink_dye,1451,,pink_dye,,,
pink_glazed_terracotta,1451,,pink_glazed_terracotta,,,
,1022,,pink_glazed_terracotta,,,
pink_shulker_box,1451,,shulker_box,6,,
,920,,shulker_box,6,,
pink_stained_glass,1451,,stained_glass,6,,
pink_stained_glass_pane,1451,,stained_glass_pane,6,,
pink_terracotta,1451,,stained_hardened_clay,6,,
pink_tulip,1451,,red_flower,7,,
pink_wool,1451,,wool,6,,
piston,1451,,piston,,,
,0,,piston,,,
piston_head,1451,,pistonarmcollision,,,
,0,,pistonarmcollision,,,
planks,0,4,planks,4,,
,0,2,planks,2,,
,0,5,planks,5,,
,0,3,planks,3,,
,0,0,planks,0,,
,0,1,planks,1,,
player_head,1451,,skull,3,,
podzol,1451,,podzol,,,
pointed_dripstone,2683,,pointed_dripstone,,,
poisonous_potato,1451,,poisonous_potato,,,
,0,,poisonous_potato,,,
polar_bear_spawn_egg,1451,,polar_bear_spawn_egg,,,
polished_andesite,1451,,stone,6,,
polished_andesite_slab,1901,,stone_slab3,2,,
polished_andesite_stairs,1901,,polished_andesite_stairs,,,
polished_basalt,2515,,polished_basalt,,,
polished_blackstone,2525,,polished_blackstone,,,
polished_blackstone_brick_slab,2525,,polished_blackstone_brick_slab,,,
polished_blackstone_brick_stairs,2525,,polished_blackstone_brick_stairs,,,
polished_blackstone_brick_wall,2525,,polished_blackstone_brick_wall,,,
polished_blackstone_bricks,2525,,polished_blackstone_bricks,,,
polished_blackstone_button,2525,,polished_blackstone_button,,,
polished_blackstone_pressure_plate,2525,,polished_blackstone_pressure_plate,,,
polished_blackstone_slab,2525,,polished_blackstone_slab,,,
polished_blackstone_stairs,2525,,polished_blackstone_stairs,,,
polished_blackstone_wall,2525,,polished_blackstone_wall,,,
polished_deepslate,2697,,polished_deepslate,,,
polished_deepslate_slab,2697,,polished_deepslate_slab,,,
polished_deepslate_stairs,2697,,polished_deepslate_stairs,,,
polished_deepslate_wall,2697,,polished_deepslate_wall,,,
polished_diorite,1451,,stone,4,,
polished_diorite_slab,1901,,stone_slab3,5,,
polished_diorite_stairs,1901,,polished_diorite_stairs,,,
polished_granite,1451,,stone,2,,
polished_granite_slab,1901,,stone_slab3,7,,
polished_granite_stairs,1901,,polished_granite_stairs,,,
polished_grimstone,2695,,polished_deepslate,,,
polished_grimstone_slab,2695,,polished_deepslate_slab,,,
polished_grimstone_stairs,2695,,polished_deepslate_stairs,,,
polished_grimstone_wall,2695,,polished_deepslate_wall,,,
popped_chorus_fruit,1511,,chorus_fruit_popped,,,
poppy,1451,,red_flower,0,,
porkchop,1451,,porkchop,,,
,0,,porkchop,,,
portal,1451,,portal,,,
,0,,portal,,,
potato,1451,,potato,,,
,0,,potato,,,
potatoes,1451,,potatoes,,,
,0,,potatoes,,,
potion,1451,,potion,,POTION,
,0,,potion,,POTION,
powder_snow,2682,,powder_snow,,,
powder_snow_bucket,2682,,powder_snow_bucket,,,
powered_rail,1451,,golden_rail,,,
prismarine,1451,,prismarine,0,,
,0,2,prismarine,2,,
,0,0,prismarine,0,,
,0,1,prismarine,1,,
prismarine_brick_slab,1489,,stone_slab2,4,,
prismarine_brick_stairs,1489,,prismarine_bricks_stairs,,,
prismarine_bricks,1451,,prismarine,1,,
prismarine_bricks_slab,1467,,stone_slab2,4,,
prismarine_bricks_stairs,1467,,prismarine_bricks_stairs,,,
prismarine_crystals,1451,,prismarine_crystals,,,
,0,,prismarine_crystals,,,
prismarine_shard,1451,,prismarine_shard,,,
,0,,prismarine_shard,,,
prismarine_slab,1467,,stone_slab2,2,,
prismarine_stairs,1467,,prismarine_stairs,,,
prismarine_wall,1901,,cobblestone_wall,11,,
pufferfish,1451,,pufferfish,,,
pufferfish_bucket,1471,,pufferfish_bucket,,,
pumpkin,1451,,pumpkin,,,
,0,,carved_pumpkin,,,
pumpkin_pie,1451,,pumpkin_pie,,,
,0,,pumpkin_pie,,,
pumpkin_seeds,1451,,pumpkin_seeds,,,
,0,,pumpkin_seeds,,,
pumpkin_stem,1451,,pumpkin_stem,,,
purple_banner,1451,,banner,5,,
purple_bed,1451,,bed,10,,
purple_candle,2681,,purple_candle,,,
purple_carpet,1451,,carpet,10,,
purple_concrete,1451,,concrete,10,,
purple_concrete_powder,1451,,concrete_powder,10,,
purple_coral,1472,,coral_block,2,,
purple_coral_fan,1478,,coral_fan,2,,
purple_coral_plant,1473,,coral,2,,
purple_dead_coral,1474,,coral_block,10,,
purple_dye,1451,,purple_dye,,,
purple_glazed_terracotta,1451,,purple_glazed_terracotta,,,
,1022,,purple_glazed_terracotta,,,
purple_shulker_box,1451,,shulker_box,10,,
,920,,shulker_box,10,,
purple_stained_glass,1451,,stained_glass,10,,
purple_stained_glass_pane,1451,,stained_glass_pane,10,,
purple_terracotta,1451,,stained_hardened_clay,10,,
purple_wool,1451,,wool,10,,
purpur_block,1451,,purpur_block,0,,
,0,,purpur_block,0,,
purpur_pillar,1451,,purpur_block,2,,
,0,,purpur_block,2,,
purpur_slab,1451,,stone_slab2,1,,
,0,,stone_slab2,1,,
purpur_stairs,1451,,purpur_stairs,,,
,0,,purpur_stairs,,,
quartz,1451,,quartz,,,
,0,,quartz,,,
quartz_block,1451,,quartz_block,0,,
,0,1,quartz_block,1,,
,0,0,quartz_block,0,,
,0,2,quartz_block,2,,
quartz_bricks,2525,,quartz_bricks,,,
quartz_ore,0,,quartz_ore,,,
quartz_pillar,1451,,quartz_block,2,,
quartz_slab,1451,,stone_slab,6,,
quartz_stairs,1451,,quartz_stairs,,,
,0,,quartz_stairs,,,
rabbit,1451,,rabbit,,,
,0,,rabbit,,,
rabbit_foot,1451,,rabbit_foot,,,
,0,,rabbit_foot,,,
rabbit_hide,1451,,rabbit_hide,,,
,0,,rabbit_hide,,,
rabbit_spawn_egg,1451,,rabbit_spawn_egg,,,
rabbit_stew,1451,,rabbit_stew,,,
,0,,rabbit_stew,,,
rail,1451,,rail,,,
,0,,rail,,,
raw_copper,2706,,raw_copper,,,
raw_copper_block,2709,,raw_copper_block,,,
raw_gold,2706,,raw_gold,,,
raw_gold_block,2709,,raw_gold_block,,,
raw_iron,2706,,raw_iron,,,
raw_iron_block,2709,,raw_iron_block,,,
record_11,0,,music_disc_11,,,
record_13,0,,music_disc_13,,,
record_blocks,0,,music_disc_blocks,,,
record_cat,0,,music_disc_cat,,,
record_chirp,0,,music_disc_chirp,,,
record_far,0,,music_disc_far,,,
record_mall,0,,music_disc_mall,,,
record_mellohi,0,,music_disc_mellohi,,,
record_stal,0,,music_disc_stal,,,
record_strad,0,,music_disc_strad,,,
record_wait,0,,music_disc_wait,,,
record_ward,0,,music_disc_ward,,,
red_banner,1451,,banner,1,,
red_bed,1451,,bed,14,,
red_candle,2681,,red_candle,,,
red_carpet,1451,,carpet,14,,
red_concrete,1451,,concrete,14,,
red_concrete_powder,1451,,concrete_powder,14,,
red_coral,1472,,coral_block,3,,
red_coral_fan,1478,,coral_fan,3,,
red_coral_plant,1473,,coral,3,,
red_dead_coral,1474,,coral_block,11,,
red_dye,1901,,red_dye,,,
red_flower,0,2,red_flower,2,,
,0,3,red_flower,3,,
,0,1,red_flower,1,,
,0,5,red_flower,5,,
,0,8,red_flower,8,,
,0,7,red_flower,7,,
,0,0,red_flower,0,,
,0,4,red_flower,4,,
,0,6,red_flower,6,,
red_glazed_terracotta,1451,,red_glazed_terracotta,,,
,1022,,red_glazed_terracotta,,,
red_mushroom,1451,,red_mushroom,,,
,0,,red_mushroom,,,
red_mushroom_block,1451,,red_mushroom_block,14,,
,0,,red_mushroom_block,14,,
red_nether_brick,501,,red_nether_brick,,,
red_nether_brick_slab,1901,,stone_slab2,7,,
red_nether_brick_stairs,1901,,red_nether_brick_stairs,,,
red_nether_brick_wall,1901,,cobblestone_wall,13,,
red_nether_bricks,1451,,red_nether_brick,,,
red_sand,1451,,sand,1,,
red_sandstone,1451,,red_sandstone,0,,
,0,1,red_sandstone,1,,
,0,0,red_sandstone,0,,
,0,2,red_sandstone,2,,
red_sandstone_slab,1451,,stone_slab2,0,,
red_sandstone_stairs,1451,,red_sandstone_stairs,,,
,0,,red_sandstone_stairs,,,
red_sandstone_wall,1901,,cobblestone_wall,12,,
red_shulker_box,1451,,shulker_box,14,,
,920,,shulker_box,14,,
red_stained_glass,1451,,stained_glass,14,,
red_stained_glass_pane,1451,,stained_glass_pane,14,,
red_terracotta,1451,,stained_hardened_clay,14,,
red_tulip,1451,,red_flower,4,,
red_wool,1451,,wool,14,,
redstone,1451,,redstone,,,
,0,,redstone,,,
redstone_block,1451,,redstone_block,,,
,0,,redstone_block,,,
redstone_lamp,1451,,redstone_lamp,,,
,0,,redstone_lamp,,,
redstone_ore,1451,,redstone_ore,,,
,0,,redstone_ore,,,
redstone_torch,1451,,redstone_torch,,,
,0,,redstone_torch,,,
redstone_wire,1451,,redstone_wire,,,
,0,,redstone_wire,,,
reeds,0,,sugar_cane,,,
repeater,1451,,repeater,,,
,0,,repeater,,,
repeating_command_block,1451,,repeating_command_block,,,
,114,,repeating_command_block,,,
respawn_anchor,2515,,respawn_anchor,,,
rooted_dirt,2690,,dirt_with_roots,,,
rose_bush,1451,,double_plant,4,,
rose_red,1451,,red_dye,,,
rotten_flesh,1451,,rotten_flesh,,,
,0,,rotten_flesh,,,
saddle,1451,,saddle,,,
,0,,saddle,,,
salmon,1451,,salmon,,,
salmon_bucket,1471,,salmon_bucket,,,
sand,1451,,sand,0,,
,0,1,sand,1,,
,0,0,sand,0,,
sandstone,1451,,sandstone,0,,
,0,1,sandstone,2,,
,0,0,sandstone,0,,
,0,2,sandstone,3,,
sandstone_slab,1451,,stone_slab,1,,
sandstone_stairs,1451,,sandstone_stairs,,,
,0,,sandstone_stairs,,,
sandstone_wall,1901,,cobblestone_wall,5,,
sapling,0,4,sapling,4,,
,0,2,sapling,2,,
,0,5,sapling,5,,
,0,3,sapling,3,,
,0,0,sapling,0,,
,0,1,sapling,1,,
scaffolding,1908,,scaffolding,,,
sculk_sensor,2685,,sculk_sensor,,,
scute,1468,,scute,,,
sea_grass,1467,,seagrass,,,
sea_lantern,1451,,sealantern,,,
,0,,sealantern,,,
sea_pickle,1451,,sea_pickle,,,
seagrass,1484,,seagrass,,,
semi_weathered_copper_block,2681,,weathered_copper,,,
semi_weathered_cut_copper,2681,,weathered_cut_copper,,,
semi_weathered_cut_copper_slab,2681,,weathered_cut_copper_slab,,,
semi_weathered_cut_copper_stairs,2681,,weathered_cut_copper_stairs,,,
shears,1451,,shears,,DURABILITY,
,0,,shears,,DURABILITY,
sheep_spawn_egg,1451,,sheep_spawn_egg,,,
shield,1451,,shield,,DURABILITY,
,112,,shield,,DURABILITY,
shroomlight,2504,,shroomlight,,,
shulker_box,1474,,undyed_shulker_box,,,
,809,,shulker_box,0,,shulker_box
shulker_shell,1451,,shulker_shell,,,
,809,,shulker_shell,,,
shulker_spawn_egg,1451,,shulker_spawn_egg,,,
sign,1451,,sign,,,
,0,,sign,,,
silver_glazed_terracotta,1022,,silver_glazed_terracotta,,,
silver_shulker_box,920,,shulker_box,8,,
silverfish_spawn_egg,1451,,silverfish_spawn_egg,,,
skeleton_skull,1451,,skull,0,,
skeleton_spawn_egg,1451,,skeleton_spawn_egg,,,
skull,0,4,crafting_table,,,
,0,5,skull,5,,
,0,3,skull,3,,
,0,0,skull,0,,
,0,1,skull,1,,
,0,2,skull,2,,
skull_banner_pattern,1901,,skull_banner_pattern,,,
slime,0,,slime,,,
slime_ball,1451,,slime_ball,,,
,0,,slime_ball,,,
slime_block,1451,,slime,,,
slime_spawn_egg,1451,,slime_spawn_egg,,,
small_amethyst_bud,2681,,small_amethyst_bud,,,
small_dripleaf,2690,,small_dripleaf_block,,,
smithing_table,1907,,smithing_table,,,
smoker,1907,,smoker,,,
smooth_basalt,2697,,smooth_basalt,,,
smooth_quartz,1451,,quartz_block,3,,
smooth_quartz_slab,1901,,stone_slab4,1,,
smooth_quartz_stairs,1901,,smooth_quartz_stairs,,,
smooth_red_sandstone,1451,,red_sandstone,2,,
smooth_red_sandstone_slab,1901,,stone_slab3,1,,
smooth_red_sandstone_stairs,1901,,smooth_red_sandstone_stairs,,,
smooth_sandstone,1451,,sandstone,3,,
smooth_sandstone_slab,1901,,stone_slab2,6,,
smooth_sandstone_stairs,1901,,smooth_sandstone_stairs,,,
smooth_stone,1451,,smooth_stone,,,
smooth_stone_slab,1901,,stone_slab,0,,
snow,1451,,snow_layer,,,
,0,,snow,,,
snow_block,1451,,snow,,,
snow_layer,0,,snow_layer,,,
snowball,1451,,snowball,,,
,0,,snowball,,,
soul_campfire,2525,,soul_campfire,,,
soul_fire_lantern,2504,,soul_lantern,,,
soul_fire_torch,2504,,soul_torch,,,
soul_lantern,2529,,soul_lantern,,,
soul_sand,1451,,soul_sand,,,
,0,,soul_sand,,,
soul_soil,2504,,soul_soil,,,
soul_torch,2529,,soul_torch,,,
spawn_egg,111,0,spawn_egg,0,SPAWN_EGG,
,0,65,bat_spawn_egg,,,
,0,61,blaze_spawn_egg,,,
,0,59,cave_spider_spawn_egg,,,
,0,93,chicken_spawn_egg,,,
,0,92,cow_spawn_egg,,,
,0,50,creeper_spawn_egg,,,
,0,31,donkey_spawn_egg,,,
,0,4,elder_guardian_spawn_egg,,,
,0,58,enderman_spawn_egg,,,
,0,67,endermite_spawn_egg,,,
,0,34,evoker_spawn_egg,,,
,0,56,ghast_spawn_egg,,,
,0,68,guardian_spawn_egg,,,
,0,100,horse_spawn_egg,,,
,0,23,husk_spawn_egg,,,
,0,103,llama_spawn_egg,,,
,0,62,magma_cube_spawn_egg,,,
,0,96,mooshroom_spawn_egg,,,
,0,32,mule_spawn_egg,,,
,0,98,ocelot_spawn_egg,,,
,0,105,parrot_spawn_egg,,,
,0,90,pig_spawn_egg,,,
,0,102,polar_bear_spawn_egg,,,
,0,101,rabbit_spawn_egg,,,
,0,91,sheep_spawn_egg,,,
,0,69,shulker_spawn_egg,,,
,0,60,silverfish_spawn_egg,,,
,0,51,skeleton_spawn_egg,,,
,0,55,slime_spawn_egg,,,
,0,52,spider_spawn_egg,,,
,0,94,squid_spawn_egg,,,
,0,6,stray_spawn_egg,,,
,0,35,vex_spawn_egg,,,
,0,120,villager_spawn_egg,,,
,0,36,vindicator_spawn_egg,,,
,0,66,witch_spawn_egg,,,
,0,5,wither_skeleton_spawn_egg,,,
,0,95,wolf_spawn_egg,,,
,0,57,zombie_pigman_spawn_egg,,,
,0,54,zombie_spawn_egg,,,
spawner,1511,,mob_spawner,,,
speckled_melon,1451,,glistering_melon_slice,,,
,0,,glistering_melon_slice,,,
spider_eye,1451,,spider_eye,,,
,0,,spider_eye,,,
spider_spawn_egg,1451,,spider_spawn_egg,,,
splash_potion,1451,,splash_potion,,POTION,
,0,,splash_potion,,POTION,
sponge,1451,,sponge,0,,
,0,0,sponge,0,,
,0,1,sponge,1,,
spore_blossom,2690,,spore_blossom,,,
spruce_bark,1451,,wood,1,,
spruce_boat,1451,,spruce_boat,,,
,136,,spruce_boat,,,
spruce_button,1451,,spruce_button,,,
spruce_door,1451,,spruce_door,,,
,0,,spruce_door,,,
spruce_fence,1451,,fence,1,,
,0,,fence,1,,
spruce_fence_gate,1451,,spruce_fence_gate,,,
,0,,spruce_fence_gate,,,
spruce_leaves,1451,,leaves,1,,
spruce_log,1451,,log,1,,
spruce_planks,1451,,planks,1,,
spruce_pressure_plate,1451,,spruce_pressure_plate,,,
spruce_sapling,1451,,sapling,1,,
spruce_sign,1901,,spruce_sign,,,
spruce_slab,1451,,wooden_slab,1,,
spruce_stairs,1451,,spruce_stairs,,,
,0,,spruce_stairs,,,
spruce_trapdoor,1451,,spruce_trapdoor,,,
spruce_wood,1511,,wood,1,,
spyglass,2681,,spyglass,,,
squid_spawn_egg,1451,,squid_spawn_egg,,,
stained_glass,0,15,stained_glass,15,,
,0,11,stained_glass,11,,
,0,12,stained_glass,12,,
,0,9,stained_glass,9,,
,0,7,stained_glass,7,,
,0,13,stained_glass,13,,
,0,3,stained_glass,3,,
,0,8,stained_glass,8,,
,0,5,stained_glass,5,,
,0,2,stained_glass,2,,
,0,1,stained_glass,1,,
,0,6,stained_glass,6,,
,0,10,stained_glass,10,,
,0,14,stained_glass,14,,
,0,0,stained_glass,0,,
,0,4,stained_glass,4,,
stained_glass_pane,0,15,stained_glass_pane,15,,
,0,11,stained_glass_pane,11,,
,0,12,stained_glass_pane,12,,
,0,9,stained_glass_pane,9,,
,0,7,stained_glass_pane,7,,
,0,13,stained_glass_pane,13,,
,0,3,stained_glass_pane,3,,
,0,8,stained_glass_pane,8,,
,0,5,stained_glass_pane,5,,
,0,2,stained_glass_pane,2,,
,0,1,stained_glass_pane,1,,
,0,6,stained_glass_pane,6,,
,0,10,stained_glass_pane,10,,
,0,14,stained_glass_pane,14,,
,0,0,stained_glass_pane,0,,
,0,4,stained_glass_pane,4,,
stained_hardened_clay,0,15,stained_hardened_clay,15,,
,0,11,stained_hardened_clay,11,,
,0,12,stained_hardened_clay,12,,
,0,9,stained_hardened_clay,9,,
,0,7,stained_hardened_clay,7,,
,0,13,stained_hardened_clay,13,,
,0,3,stained_hardened_clay,3,,
,0,8,stained_hardened_clay,8,,
,0,5,stained_hardened_clay,5,,
,0,2,stained_hardened_clay,2,,
,0,1,stained_hardened_clay,1,,
,0,6,stained_hardened_clay,6,,
,0,10,stained_hardened_clay,10,,
,0,14,stained_hardened_clay,14,,
,0,0,stained_hardened_clay,0,,
,0,4,stained_hardened_clay,4,,
stick,1451,,stick,,,
,0,,stick,,,
sticky_piston,1451,,sticky_piston,,,
,0,,sticky_piston,,,
stone,1451,,stone,0,,
,0,5,stone,5,,
,0,3,stone,3,,
,0,1,stone,1,,
,0,6,stone,6,,
,0,4,stone,4,,
,0,2,stone,2,,
,0,0,stone,0,,
stone_axe,1451,,stone_axe,,DURABILITY,
,0,,stone_axe,,DURABILITY,
stone_brick_slab,1451,,stone_slab,5,,
stone_brick_stairs,1451,,stone_brick_stairs,,,
,0,,stone_brick_stairs,,,
stone_brick_wall,1901,,cobblestone_wall,7,,
stone_bricks,1451,,stonebrick,0,,
stone_button,1451,,stone_button,,,
,0,,stone_button,,,
stone_hoe,1451,,stone_hoe,,DURABILITY,
,0,,stone_hoe,,DURABILITY,
stone_pickaxe,1451,,stone_pickaxe,,DURABILITY,
,0,,stone_pickaxe,,DURABILITY,
stone_pressure_plate,1451,,stone_pressure_plate,,,
,0,,stone_pressure_plate,,,
stone_shovel,1451,,stone_shovel,,DURABILITY,
,0,,stone_shovel,,DURABILITY,
stone_slab,1901,,stone_slab4,2,,
,1451,,stone_slab,0,,
,0,4,stone_slab,4,,
,0,3,stone_slab,3,,
,0,6,stone_slab,7,,
,0,2,stone_slab,2,,
,0,7,stone_slab,6,,
,0,1,stone_slab,1,,
,0,8,smooth_stone,,,
,0,0,stone_slab,0,,
,0,5,stone_slab,5,,
stone_slab2,0,,stone_slab2,0,,
stone_stairs,1901,,normal_stone_stairs,,,
,0,,stone_stairs,,,
stone_sword,1451,,stone_sword,,DURABILITY,
,0,,stone_sword,,DURABILITY,
stonebrick,0,3,stonebrick,3,,
,0,2,stonebrick,2,,
,0,1,stonebrick,1,,
,0,0,stonebrick,0,,
stonecutter,1907,,stonecutter_block,,,
stray_spawn_egg,1451,,stray_spawn_egg,,,
string,1451,,string,,,
,0,,string,,,
stripped_acacia_bark,1502,,wood,12,,
stripped_acacia_log,1467,,stripped_acacia_log,,,
stripped_acacia_wood,1511,,wood,12,,
stripped_birch_bark,1502,,wood,10,,
stripped_birch_log,1467,,stripped_birch_log,,,
stripped_birch_wood,1511,,wood,10,,
stripped_crimson_hyphae,2512,,stripped_crimson_hyphae,,,
stripped_crimson_stem,2504,,stripped_crimson_stem,,,
stripped_dark_oak_bark,1502,,wood,13,,
stripped_dark_oak_log,1467,,stripped_dark_oak_log,,,
stripped_dark_oak_wood,1511,,wood,13,,
stripped_jungle_bark,1502,,wood,11,,
stripped_jungle_log,1467,,stripped_jungle_log,,,
stripped_jungle_wood,1511,,wood,11,,
stripped_oak_bark,1502,,wood,8,,
stripped_oak_log,1467,,stripped_oak_log,,,
stripped_oak_wood,1511,,wood,8,,
stripped_spruce_bark,1502,,wood,9,,
stripped_spruce_log,1467,,stripped_spruce_log,,,
stripped_spruce_wood,1511,,wood,9,,
stripped_warped_hyphae,2512,,stripped_warped_hyphae,,,
stripped_warped_stem,2504,,stripped_warped_stem,,,
sugar,1451,,sugar,,,
,0,,sugar,,,
sugar_cane,1451,,sugar_cane,,,
sunflower,1451,,double_plant,0,,
sweet_berries,1916,,sweet_berries,,,
tall_grass,1451,,double_plant,2,,
tallgrass,0,2,tallgrass,2,,
,0,1,tallgrass,0,,
target,2510,,target,,,
terracotta,1451,,hardened_clay,,,
tinted_glass,2681,,tinted_glass,,,
tipped_arrow,1451,,arrow,,POTION,
,0,,arrow,,POTION,
tnt,1451,,tnt,,,
,0,,tnt,,,
tnt_minecart,1451,,tnt_minecart,,,
,0,,tnt_minecart,,,
torch,1451,,torch,,,
,0,,torch,,,
totem,809,,totem_of_undying,,,
totem_of_undying,1451,,totem_of_undying,,,
,920,,totem_of_undying,,,
trapdoor,0,,trapdoor,,,
trapped_chest,1451,,trapped_chest,,,
,0,,trapped_chest,,,
trident,1451,,trident,,,
tripwire,1451,,tripwire,,,
,0,,tripwire,,,
tripwire_hook,1451,,tripwire_hook,,,
,0,,tripwire_hook,,,
tropical_fish,1511,,tropical_fish,,,
tropical_fish_bucket,1484,,tropical_fish_bucket,,,
tube_coral,1481,,coral,0,,
tube_coral_block,1481,,coral_block,0,,
tube_coral_fan,1481,,coral_fan,0,,
tuff,2681,,tuff,,,
turtle_egg,1467,,turtle_egg,,,
turtle_helmet,1467,,turtle_helmet,,DURABILITY,
turtle_shell_piece,1467,,scute,,,
twisting_vines,2513,,twisting_vines,,,
vex_spawn_egg,1451,,vex_spawn_egg,,,
villager_spawn_egg,1451,,villager_spawn_egg,,,
vindicator_spawn_egg,1451,,vindicator_spawn_egg,,,
vine,1451,,vine,,,
,0,,vine,,,
warped_button,2504,,warped_button,,,
warped_door,2504,,warped_door,,,
warped_fence,2504,,warped_fence,,,
warped_fence_gate,2504,,warped_fence_gate,,,
warped_fungi,2504,,warped_fungus,,,
warped_fungus,2510,,warped_fungus,,,
warped_fungus_on_a_stick,2520,,warped_fungus_on_a_stick,,,
warped_hyphae,2512,,warped_hyphae,,,
warped_nylium,2504,,warped_nylium,,,
warped_planks,2504,,warped_planks,,,
warped_pressure_plate,2504,,warped_pressure_plate,,,
warped_roots,2504,,warped_roots,,,
warped_sign,2504,,warped_sign,,,
warped_slab,2504,,warped_slab,,,
warped_stairs,2504,,warped_stairs,,,
warped_stem,2504,,warped_stem,,,
warped_trapdoor,2504,,warped_trapdoor,,,
warped_wart_block,2504,,warped_wart_block,,,
water,1451,,water,,,
,0,,water,,,
water_bucket,1451,,water_bucket,,,
,0,,water_bucket,,,
waterlily,0,,waterlily,,,
waxed_copper,2681,,waxed_copper,,,
waxed_copper_block,2692,,waxed_copper,,,
waxed_cut_copper,2681,,waxed_cut_copper,,,
waxed_cut_copper_slab,2681,,waxed_cut_copper_slab,,,
waxed_cut_copper_stairs,2681,,waxed_cut_copper_stairs,,,
waxed_exposed_copper,2690,,waxed_exposed_copper,,,
waxed_exposed_cut_copper,2690,,waxed_exposed_cut_copper,,,
waxed_exposed_cut_copper_slab,2690,,waxed_exposed_cut_copper_slab,,,
waxed_exposed_cut_copper_stairs,2690,,waxed_exposed_cut_copper_stairs,,,
waxed_lightly_weathered_copper,2681,,waxed_exposed_copper,,,
waxed_lightly_weathered_cut_copper,2681,,waxed_exposed_cut_copper,,,
waxed_lightly_weathered_cut_copper_slab,2681,,waxed_exposed_cut_copper_slab,,,
waxed_lightly_weathered_cut_copper_stairs,2681,,waxed_exposed_cut_copper_stairs,,,
waxed_oxidized_copper,2706,,waxed_oxidized_copper,,,
waxed_oxidized_cut_copper,2706,,waxed_oxidized_cut_copper,,,
waxed_oxidized_cut_copper_slab,2706,,waxed_oxidized_cut_copper_slab,,,
waxed_oxidized_cut_copper_stairs,2706,,waxed_oxidized_cut_copper_stairs,,,
waxed_semi_weathered_copper,2681,,waxed_weathered_copper,,,
waxed_semi_weathered_cut_copper,2681,,waxed_weathered_cut_copper,,,
waxed_semi_weathered_cut_copper_slab,2681,,waxed_weathered_cut_copper_slab,,,
waxed_semi_weathered_cut_copper_stairs,2681,,waxed_weathered_cut_copper_stairs,,,
waxed_weathered_copper,2690,,waxed_weathered_copper,,,
waxed_weathered_cut_copper,2690,,waxed_weathered_cut_copper,,,
waxed_weathered_cut_copper_slab,2690,,waxed_weathered_cut_copper_slab,,,
waxed_weathered_cut_copper_stairs,2690,,waxed_weathered_cut_copper_stairs,,,
weathered_copper,2692,,weathered_copper,,,
weathered_copper_block,2690,,weathered_copper,,,
,2681,,oxidized_copper,,,
weathered_cut_copper,2690,,weathered_cut_copper,,,
,2681,,oxidized_cut_copper,,,
weathered_cut_copper_slab,2690,,weathered_cut_copper_slab,,,
,2681,,oxidized_cut_copper_slab,,,
weathered_cut_copper_stairs,2690,,weathered_cut_copper_stairs,,,
,2681,,oxidized_cut_copper_stairs,,,
web,0,,web,,,
weeping_vines,2504,,weeping_vines,,,
wet_sponge,1451,,sponge,1,,
wheat,1451,,wheat,,,
,0,,wheat,,,
wheat_seeds,1451,,wheat_seeds,,,
,0,,wheat_seeds,,,
white_banner,1451,,banner,15,,
white_bed,1451,,bed,0,,
white_candle,2681,,white_candle,,,
white_carpet,1451,,carpet,0,,
white_concrete,1451,,concrete,0,,
white_concrete_powder,1451,,concrete_powder,0,,
white_dye,1901,,white_dye,,,
white_glazed_terracotta,1451,,white_glazed_terracotta,,,
,1022,,white_glazed_terracotta,,,
white_shulker_box,1451,,shulker_box,0,,shulker_box
,920,,shulker_box,0,,shulker_box
white_stained_glass,1451,,stained_glass,0,,
white_stained_glass_pane,1451,,stained_glass_pane,0,,
white_terracotta,1451,,stained_hardened_clay,0,,
white_tulip,1451,,red_flower,6,,
white_wool,1451,,wool,0,,
witch_spawn_egg,1451,,witch_spawn_egg,,,
wither_rose,1901,,wither_rose,,,
wither_skeleton_skull,1451,,skull,1,,
wither_skeleton_spawn_egg,1451,,wither_skeleton_spawn_egg,,,
wolf_spawn_egg,1451,,wolf_spawn_egg,,,
wooden_axe,1451,,wooden_axe,,DURABILITY,
,0,,wooden_axe,,DURABILITY,
wooden_button,0,,wooden_button,,,
wooden_door,0,,wooden_door,,,
wooden_hoe,1451,,wooden_hoe,,DURABILITY,
,0,,wooden_hoe,,DURABILITY,
wooden_pickaxe,1451,,wooden_pickaxe,,DURABILITY,
,0,,wooden_pickaxe,,DURABILITY,
wooden_pressure_plate,0,,wooden_pressure_plate,,,
wooden_shovel,1451,,wooden_shovel,,DURABILITY,
,0,,wooden_shovel,,DURABILITY,
wooden_slab,0,4,wooden_slab,4,,
,0,2,wooden_slab,2,,
,0,5,wooden_slab,5,,
,0,3,wooden_slab,3,,
,0,0,wooden_slab,0,,
,0,1,wooden_slab,1,,
wooden_sword,1451,,wooden_sword,,DURABILITY,
,0,,wooden_sword,,DURABILITY,
wool,0,15,wool,15,,
,0,11,wool,11,,
,0,12,wool,12,,
,0,9,wool,9,,
,0,7,wool,7,,
,0,13,wool,13,,
,0,3,wool,3,,
,0,8,wool,8,,
,0,5,wool,5,,
,0,2,wool,2,,
,0,1,wool,1,,
,0,6,wool,6,,
,0,10,wool,10,,
,0,14,wool,14,,
,0,0,wool,0,,
,0,4,wool,4,,
writable_book,1451,,writable_book,,,
,0,,writable_book,,,
written_book,1451,,written_book,,BOOK,
,0,,written_book,,BOOK,
yellow_banner,1451,,banner,11,,
yellow_bed,1451,,bed,4,,
yellow_candle,2681,,yellow_candle,,,
yellow_carpet,1451,,carpet,4,,
yellow_concrete,1451,,concrete,4,,
yellow_concrete_powder,1451,,concrete_powder,4,,
yellow_coral,1472,,coral_block,4,,
yellow_coral_fan,1478,,coral_fan,4,,
yellow_coral_plant,1473,,coral,4,,
yellow_dead_coral,1474,,coral_block,12,,
yellow_dye,1901,,yellow_dye,,,
yellow_flower,0,,yellow_flower,,,
yellow_glazed_terracotta,1451,,yellow_glazed_terracotta,,,
,1022,,yellow_glazed_terracotta,,,
yellow_shulker_box,1451,,shulker_box,4,,
,920,,shulker_box,4,,
yellow_stained_glass,1451,,stained_glass,4,,
yellow_stained_glass_pane,1451,,stained_glass_pane,4,,
yellow_terracotta,1451,,stained_hardened_clay,4,,
yellow_wool,1451,,wool,4,,
zombie_head,1451,,skull,2,,
zombie_pigman_spawn_egg,1451,,zombie_pigman_spawn_egg,,,
zombie_spawn_egg,1451,,zombie_spawn_egg,,,